0,http
0,music_app
0,wait
0,record_video
0,home_screen
0,press
0,close_app
|
0,fast_forward_key
0,test_devic
0,test_devic
0,close_call
0,test_devic
|
0,keep
0,search
0,press
0,view_page
|
0,take_pictur
0,take_photo
|
0,configur_email_account
0,email_address
0,input_name
0,send_sms
0,configur_email_account
0,email_address
0,input_name
0,send_sms
|
0,scroll
0,notic
0,code_adb_pull
0,abl
0,video_mode
|
0,contact_app
0,turn_airplan_mode
0,icon_top_right
0,turn_airplan_mode
|
0,receiv_phone_number
0,tap_set
0,open_camera
0,set_menu
0,home_screen
0,view_page
0,open_camera
0,type_edit_mode
0,scroll
0,tap
0,notic
0,bug
0,b2g
|
0,move_app
0,open_browser
0,press
|
0,market_place
0,bugzilla_lit_websit
0,import_contact
0,home_screen
0,favicon
0,home_screen
0,favicon
0,favicon
|
0,put_phone
0,put_phone
0,open_galleri
0,video_preview
0,set_menu
|
0,open_camera
0,take_pictur
0,go
0,open_galleri
0,open_galleri
0,go
0,keyboard_follow_button
0,go
0,open_galleri
|
0,go
0,option
0,type_address_field
0,type_address_field
0,appear_cursor_field_select
0,type_address_field
0,check_appear_correct_keyboard
0,type_address_field
0,appear_cursor_field_select
0,type_address_field
0,check_appear_correct_keyboard
|
0,open_browser
0,develop
0,music_app
|
0,open_calendar
0,week_tab
0,view
|
0,open_calendar
0,week_tab
0,view
|
0,open_calendar
0,open_browser
0,week_tab
0,view
0,week_tab
0,date_time
0,week_tab
0,view
0,scroll
|
0,go
0,set
0,devic_inform
0,scroll
0,press
0,devic_inform
|
0,open_calendar
0,open_calendar
0,go
0,week_tab
0,status_bar
0,open_calendar
0,time
|
0,home_screen
0,home_screen
0,press
0,wait
0,view
|
0,turn_bluetooth
0,connect
0,turn_bluetooth
0,connect
|
0,home_screen
0,internet_share
0,select
0,new_messag
0,password
0,secur
0,secur
0,secur
0,press_ok
0,internet_share
0,enabl_usb_storag
0,join_hidden_network
0,join_hidden_network
0,press
0,connect
0,join_hidden_network
0,press_ok
0,view
|
0,navig
0,music_app
0,tap
0,open_camera
0,view
0,search
|
0,music_app
0,view
0,select
0,music_app
0,music_app
|
0,home_screen
0,select
0,internet_share
0,select
0,join_hidden_network
0,tap_delet
0,press_ok
0,view
|
0,turn_wifi
0,insert_sim_card
0,open_calendar
0,tap_button_top_left_screen
0,home_screen
|
0,open_galleri
0,view
0,press_next
0,keyboard_follow_button
0,take_photo
0,keyboard_follow_button
|
0,clock_app
0,type
0,open_menu
0,etc
0,status_bar
|
0,home_screen
0,move
0,video_mode
0,home_screen
0,record_video
0,record_video
0,close_call
0,press_play_button_top_page
0,fm_radio
|
0,go
0,open_galleri
0,press
0,open_camera
0,tap_set
0,select_video
0,record_video
0,tap_button_top_left_screen
0,music_app
0,record_video
0,music_app
0,pop
|
0,email_account
0,lock_screen
0,open_calendar
0,lock_screen
0,send_sms
0,email_account
0,creat_call
0,creat_call
0,send_sms
0,devic
0,open_calendar
0,view
|
0,bt_devic
0,step
0,build_debug=_flag
0,lock_screen
0,code_adb_pull
0,view
|
0,keep
0,clock_app
0,tap_button_top_left_screen
0,clock_app
0,tap_done
|
0,home_screen
0,enabl_wi-fi
0,toggl
0,secur
0,password
0,dial_number
0,app_video_content
0,press_ok
0,attempt
0,connect
0,view
0,join_hidden_network
0,view
|
0,home_screen
0,sound
0,toggl
0,toggl
0,status_bar
0,sound
0,toggl
0,return
0,home_screen
0,modifi_volum
0,sound
0,status_bar
0,sound
|
0,open_unagi_build
0,go
0,secur
0,type_pin_code
0,go
0,devic_inform
0,type_address_field
0,send_sms
0,view
0,notic
0,check_appear_correct_keyboard
0,bug
|
0,open_unagi_build
0,set_menu
0,open_camera
0,set_menu
|
0,open_unagi_build
0,new_messag
0,camera_app
0,contact_app
0,time
0,select_video
0,music_app
0,video_app
|
0,home_screen
0,open_browser
0,email_address
0,view
0,attempt
0,scroll
0,week_tab
|
0,open_unagi_build
0,music_app
0,second
0,music_app
0,step
0,music_app
0,tap_done
0,music_app
0,second
0,music_app
|
0,open_unagi_build
0,open_camera
0,record_video
0,camera_app
0,contact_app
0,take_pictur
0,open_galleri
0,notic
0,send_sms
0,select_video
0,notic
0,view
|
0,clock_app
0,clock_app
|
0,open_camera
0,tap_set
0,take_pictur
0,view
|
0,email_address
0,gmail
0,devic_inform
0,step
0,gmail
|
0,set
0,open_phone
0,home_screen
0,touch
0,home_screen
|
0,contact_app
0,import_contact
0,take_pictur
0,open_camera
0,take_photo
|
0,open_camera
0,send_sms
0,everything.m
0,confirm_dialog_display
0,long_press
0,press_ok
0,tap
0,open_creat_test-integr
|
0,open_unagi_build
0,go
0,everything.m
0,go
0,contact_app
0,work_background
0,tap
0,notic
0,open_browser
0,go
0,move_app
0,open_browser
0,open_browser
0,set_menu
0,tap
0,notic
|
0,send_sms
0,test_devic
0,test_devic
0,send_sms
0,send_sms
|
0,reboot_devic
0,reboot_devic
0,lock_screen
0,slide_right
0,icon_top_right
0,record_video
0,record_video
0,set_screen
0,enabl_wi-fi
0,join_hidden_network
0,join_hidden_network
0,type
0,home_screen
0,lock_screen
0,lock_screen
0,step
|
0,fm_radio
0,music_app
0,music_app
0,firefox os
0,check_app
|
0,video_app
0,view
0,video_app
|
0,modifi_languag
0,mp
0,status_bar
0,view
|
0,open_camera
0,internet_share
0,internet_share
0,view
0,display
|
0,open_camera
0,video_preview
0,enabl_usb_storag
0,data_connect
0,view
0,video_preview
|
0,sound
0,tap
0,select
0,go
|
0,open_galleri
0,take_pictur
0,open_galleri
0,take_pictur
|
0,video_app
0,view
0,video_app
|
0,home_screen
0,set_screen
0,lock_screen
0,second
0,home_screen
0,lock_screen
0,open_camera
|
0,home_screen
0,option
0,open_camera
0,take_photo
0,view
|
0,select_galleri
0,go
0,set_screen
0,curl_https
0,tap_set
0,firefox os
|
0,fm_radio
0,creat_call
|
0,music_app
0,music_app
0,turn_bluetooth
0,modifi_volum
|
0,sound
0,creat_call
0,send_sms
0,view
|
0,turn_bluetooth
0,interfac
0,record_video
0,camera_app
0,interfac
|
0,open_galleri
0,take_pictur
|
0,clock_app
0,ring
0,clock_app
0,wait
|
0,turn_bluetooth
0,turn_bluetooth
|
0,sound
0,open_camera
0,take_pictur
0,sound
0,ring
|
0,import_contact
0,press
0,input_name
0,input_name
0,dial_number
0,tap_done
|
0,home_screen
0,open_browser
0,email_address
0,home_screen
0,view_page
|
0,open_unagi_build
0,open_phone
0,firefox os
0,contact_app
0,code_adb_pull
0,open_phone
|
0,home_screen
0,open_browser
0,navig
0,bugzilla_lit_websit
0,tap_set
0,import_contact
0,home_screen
0,home_screen
0,bugzilla_lit_websit
0,view
0,close_app
0,view_page
0,select
0,view_page
|
0,open_unagi_build
0,music_app
0,music_app
0,keyboard_follow_button
0,music_app
0,option
0,firefox_os
|
0,open_unagi_build
0,contact_app
0,music_app
0,music_app
0,send_sms
0,receiv_messag
0,modifi_volum
0,notif
|
0,open_unagi_build
0,view_page
0,music_app
0,music_app
0,music_app
0,tap_set
0,english
0,code_adb_pull
0,tap_done
0,music_app
0,music_app
0,music_app
0,bug
|
0,home_screen
0,open_browser
0,navig
0,http
0,view_page
|
0,import_contact
0,interfac
0,shown
|
0,type_edit_mode
0,tap_set
0,move_app
0,week_tab
0,home_screen
0,camera_app
|
0,import_contact
0,import_contact
0,import_contact
0,find_devic
0,etc
0,tap_done
0,import_contact
0,interfac
|
0,open_sms
0,tap_set
0,new_messag
0,email_address
0,open_sms
|
0,open_sms
0,new_messag
0,receiv_phone_number
0,app
0,send_sms
|
0,modifi_wallpap
0,open_galleri
0,take_photo
0,receiv_phone_number
|
0,video_preview
0,press
0,record_video
0,home_screen
0,open_menu
0,video_preview
0,press
0,view
|
0,dialer_app
0,creat_call
0,modifi_volum
0,modifi_volum
|
0,home_screen
0,open_browser
0,type_url
0,type_url
0,home_screen
0,one_contact
0,type_url
0,top
0,week_tab
0,view
0,email_address
|
0,turn_bluetooth
0,bt_devic
0,send_sms
0,turn_bluetooth
|
0,open_first_time_experi
0,open_first_time_experi
0,modifi_languag
0,select
0,modifi_languag
|
0,select_video
0,view
0,modifi_modifi
0,creat_call
0,vertic
|
0,test_devic
0,turn_bluetooth
0,view
0,turn_bluetooth
0,bt_devic
|
0,contact_app
0,open_browser
0,music_app
0,go
0,open_browser
0,bar_top_screen
|
0,set
0,type_set
0,sound
0,set
0,lock_screen
0,home_screen
|
0,instal
0,set
0,open_camera
0,view
|
0,insert_sim_card
0,select
0,insert_sim_card
0,network_oper
0,web_apps”_navig
0,check_app
0,reboot_devic
0,set
|
0,open_unagi_build
0,fm_radio
0,tune
0,fm_radio
0,enabl_usb_storag
0,go
0,bugzilla_lit_websit
0,home_screen
0,fm_radio
0,attempt
0,modifi_modifi
0,creat_call
0,reboot_devic
|
0,open_unagi_build
0,go
0,turn_wifi
0,wifi_connect
0,password
0,password
|
0,open_unagi_build
0,video_app
0,work_background
0,clock_app
0,clock_app
0,music_app
0,wait
0,sound
|
0,marketplac_app
0,move
0,set_screen
|
0,turn_airplan_mode
0,fm_radio
|
0,set
0,date_time
0,date_time
0,date_time
|
0,type
0,intern_storag
0,instal
0,set
0,check_app
|
0,creat_call
0,keep
0,home_screen
0,home_screen
|
0,open_sms
0,new_messag
0,receiv_phone_number
|
0,open_sms
0,new_messag
|
0,open_phone
0,receiv_phone_number
0,network_oper
0,view
0,open_phone
0,receiv_phone_number
0,network_oper
0,view
|
0,open_sms
0,close_call
0,app
0,send_sms
0,home_screen
0,firefox os
0,open_sms
|
0,type_set
0,sound
0,open_browser
0,type_url
|
0,open_browser
0,type_url
0,open_camera
0,move
|
0,set
0,set
0,marketplac_app
0,home_screen
|
0,take_pictur
0,one_contact
0,modifi_modifi
0,open_galleri
|
0,open_galleri
0,view
0,interfac
0,home_screen
0,lock_screen
0,lock_screen
|
0,send_sms
0,open_galleri
|
0,open_galleri
0,take_pictur
0,type_edit_mode
0,type_edit_mode
0,open_phone
0,modifi_apn
0,home_screen
0,lockscreen
|
0,open_galleri
0,take_pictur
0,bt_devic
|
0,connect
0,bt_devic
0,connect
0,interfac
0,home_screen
0,interfac
0,bt_devic
0,bt_devic
0,unabl
0,view_messag
|
0,email_address
0,tap_set
0,tap_set
0,email_account
0,tap_delet
0,confirm_dialog_display
0,tap_set
0,tap_set
0,email_account
0,tap_delet
|
0,instal_keyboard_firefox os_ui
0,go
0,long_press
0,test_devic
0,test_devic
0,receiv_phone_number
0,keyboard_follow_button
|
0,open_unagi_build
0,open_unagi_build
0,navig
0,view
0,press_sync_friend
0,view
|
0,open_unagi_build
0,go
0,lock_screen
0,open_phone
0,home_screen
0,lock_screen
0,home_screen
0,lock_screen
0,home_screen
0,tap_done
0,open_camera
0,lock_screen
0,view
0,go
0,set_menu
|
0,open_unagi_build
0,open_browser
0,open_unagi_build
0,landscap
0,open_phone
0,open_phone
0,landscap
0,bug
0,move
|
0,email_address
0,mail
0,email_account
0,devic
0,email_address
0,top
0,attempt
0,scroll
0,email_address
0,email_address
0,send_sms
0,email_account
0,tap
0,step
0,attempt
0,scroll
0,email_address
|
0,open_unagi_build
0,new_messag
0,home_screen
0,open_galleri
0,notic
0,modifi_wallpap
|
0,open_unagi_build
0,home_screen
0,modifi_wallpap
0,modifi_wallpap
0,devic
0,bug
0,second
0,landscap
|
0,open_sms
0,modifi_modifi
|
0,open_sms
0,modifi_modifi
0,vertic
|
0,open_unagi_build
0,devic
0,fm_radio
0,modifi_volum
0,connect
0,home_screen
0,set_screen
0,modifi_volum
0,fm_radio
0,modifi_volum
0,modifi_volum
0,go
0,fm_radio
0,contact_app
0,music_app
0,home_screen
0,set_screen
0,work_background
0,music_app
0,modifi_volum
|
0,open_unagi_build
0,dialer_app
0,add_contact_button_open
0,dial_number
0,add_contact_button_open
0,home_screen
0,creat_call
0,creat_call
0,add_contact_button_open
0,home_screen
|
0,open_unagi_build
0,navig
0,everything.m
0,bar_top_screen
0,send_sms
0,tap_set
0,home_screen
0,put_phone
0,open_phone
0,home_screen
0,lock_screen
0,everything.m
|
0,send_sms
0,navig
0,set_screen
0,return
0,view
|
0,home_screen
0,devic
0,open_phone
0,second
0,home_screen
0,wake
|
0,open_unagi_build
0,work_background
0,data_connect
0,contact_app
0,view_page
0,home_screen
0,go
0,home_screen
0,option
0,turn_bluetooth
0,data_connect
0,go
0,adjust_automat
0,move_app
0,notic
0,data_connect
0,data_connect
0,notic
|
0,open_unagi_build
0,turn_wifi
0,data_connect
0,navig
0,everything.m
0,select_galleri
0,home_screen
0,home_screen
0,notic
0,view_page
0,view_page
0,home_screen
0,devic
|
0,build_id:
0,turn_bluetooth
0,lock_screen
0,enabl_usb_storag
0,music_app
0,music_app
0,enabl_usb_storag
0,tap_set
0,tap
0,tap
|
0,build_id:
0,turn_bluetooth
0,lock_screen
0,tap
0,select_galleri
0,time
|
0,go
0,open_calendar
0,open_calendar
0,open_calendar
0,open_calendar
0,new_messag
0,open_calendar
0,return
|
0,test_devic
0,email_address
0,email_address
|
0,build_id:
0,turn_bluetooth
0,lock_screen
0,devic
0,enabl_usb_storag
0,select_music_album_page
0,enabl_usb_storag
0,tap_set
0,select_music_album_page
0,music_app
0,view_page
0,camera_app
0,tap
|
0,open_unagi_build
0,contact_app
0,record_video
0,music_app
0,custom_preload
0,music_app
0,select_galleri
0,video_app
0,ring
|
0,home_screen
0,open_camera
0,take_pictur
0,view
|
0,home_screen
0,open_camera
0,take_pictur
0,view
|
0,home_screen
0,open_calendar
0,open_calendar
0,one_contact
0,view
0,week_tab
0,week_tab
0,open_calendar
|
0,build_id:
0,turn_bluetooth
0,step
0,tap_set
0,slide_right
0,tap_set
0,tap_set
0,slide_right
0,option
0,open_menu
0,open_menu
0,password
0,status_bar
0,push
0,lock_screen
0,one_contact
0,lock_screen
0,tap_set
0,tap_set
0,tap
0,record_video
0,tap
0,adjust_automat
0,home_screen
0,home_screen
0,correct
0,lock_screen
0,slide_right
0,tap_set
0,open_galleri
0,tap_set
|
0,insert_sim_card
0,video_app
0,record_video
0,attempt
0,press
0,video_app
|
0,insert_sim_card
0,video_app
0,view
0,view
|
0,go
0,set
0,turn_bluetooth
0,bt_devic
0,send_sms
0,send_sms
0,open_phone
|
0,go
0,set
0,turn_bluetooth
0,bt_devic
0,send_sms
0,attempt
0,send_sms
0,send_sms
|
0,open_galleri
0,open_galleri
0,tap_icon
0,internet_share
|
0,music_app
0,insert_sim_card
0,contact_app
0,home_screen
0,tap
|
0,open_unagi_build
0,go
0,lock_screen
0,lock_screen
0,home_screen
0,put_phone
0,open_phone
0,home_screen
0,wake
0,lock_screen
0,home_screen
0,lock_screen
0,open_camera
0,set_screen
0,open_phone
|
0,go
0,set
0,turn_bluetooth
0,bt_devic
0,send_sms
0,send_sms
0,send_sms
0,receiv_phone_number
0,bt_devic
0,attempt
0,send_sms
0,second
|
0,build_id:
0,open_unagi_build
0,modifi_languag
0,shown
0,status_bar
0,shown
|
0,build_id:
0,open_unagi_build
0,modifi_languag
0,shown
0,status_bar
0,shown
|
0,build_id:
0,open_unagi_build
0,modifi_languag
0,shown
0,return
0,open_menu
0,firefox_os
0,select
0,tap_link
|
0,open_camera
0,new_messag
0,dial_number
0,type
0,test_devic
0,send_sms
0,type
0,test_devic
0,send_sms
|
0,open_unagi_build
0,lock_screen
0,lock_screen
0,fm_radio
0,lock_screen
0,tap_set
0,take_pictur
0,take_pictur
0,tap_delet
0,confirm_dialog_display
0,lock_screen
0,open_camera
0,step
0,confirm_dialog_display
|
0,firefox os
0,open_new_e-mail
0,dial_number
0,send_sms
|
0,open_unagi_build
0,lock_screen
0,lock_screen
0,fm_radio
0,lockscreen
0,tap_set
0,contact_app
0,home_screen
0,go
0,lockscreen
0,lock_screen
0,type
0,lock_screen
0,view
0,notic
0,set
0,return
0,home_screen
0,notic
|
0,open_unagi_build
0,open_galleri
0,take_photo
0,tap_icon
0,internet_share
0,home_screen
0,swipe
0,open_menu
0,modifi_wallpap
0,open_galleri
0,adjust_automat
0,modifi_wallpap
0,home_screen
|
0,open_unagi_build
0,take_photo
0,go
0,open_galleri
0,take_photo
0,tap_delet
0,keyboard_follow_button
0,confirm_dialog_display
0,tap_button_top_left_screen
0,take_photo
0,tap_icon
0,take_photo
|
0,build_id:
0,turn_bluetooth
0,tap_icon
0,slide_right
0,tap_set
0,tap_icon
0,tap
0,list_firefox os
|
0,open_browser
0,status_bar
|
0,send_sms
0,insert_sim_card
0,video_app
0,attempt
0,select_video
|
0,send_sms
0,insert_sim_card
0,input_name
0,leav
0,video_app
0,home_screen
0,tap_delet
|
0,boot_devic
0,turn_airplan_mode
0,turn_airplan_mode
0,move
0,turn_airplan_mode
|
0,creat_call
0,bt_devic
0,press
0,open_camera
0,take_photo
|
0,import_contact
0,input_name
0,save
0,dial_number
0,creat_call
0,devic
0,close_call
|
0,dialer_app
0,dial_number
0,tap_set
0,import_contact
0,import_contact
0,interfac
0,home_screen
0,lock_screen
0,home_screen
0,wake
0,lock_screen
|
0,save
0,email_address
0,insert_sim_card
0,firefox_os
0,import_contact
0,open_phone
|
0,clock_app
0,alarm_time_reach
0,alarm_time_reach
0,tap
0,view
|
0,bt_devic
0,open_galleri
0,open_galleri
0,internet_share
0,open_galleri
0,internet_share
|
0,clock_app
0,camera_app
0,long_press
0,music_app
0,alarm_time_reach
0,choic_allow
|
0,fm_radio
0,fm_radio
0,go
0,long_press
0,go
0,select
0,fm_radio
|
0,bt_devic
0,open_galleri
0,open_galleri
0,internet_share
0,search
0,bt_devic
0,bt_devic
|
0,import_contact
0,one_contact
0,type_edit_mode
0,modifi_apn
0,instal
0,display
|
0,go
0,modifi_wallpap
0,open_galleri
|
0,bt_devic
0,open_galleri
0,open_galleri
0,video_app
0,internet_share
|
0,email_address
0,new_messag
0,type
0,tap_delet
|
0,new_messag
0,view
0,open_phone
0,devic_inform
|
0,new_messag
0,receiv_phone_number
0,bug
0,receiv_phone_number
|
0,open_browser
0,bugzilla_lit_websit
0,bugzilla_lit_websit
0,long_press
0,homescreen
0,email_address
|
0,email_address
0,email_account
0,receiv_phone_number
|
0,receiv_phone_number
0,view
0,type_edit_mode
0,one_contact
0,set_screen
0,view
0,enabl_wi-fi
0,view
|
0,open_galleri
0,select_video
0,open_galleri
0,internet_share
0,two
0,video_app
0,open_galleri
0,internet_share
0,two
0,video_app
0,internet_share
|
0,go
0,open_menu
0,week_tab
0,send_sms
|
0,home_screen
0,bt_devic
0,open_galleri
0,internet_share
0,pop
0,turn_bluetooth
0,bt_devic
0,search
0,search
0,search
|
0,type_pin_code
0,open_phone
0,type_pin_code
|
0,call_log
0,bt_devic
0,creat_call
0,creat_call
0,return
0,call_log
0,creat_call
0,creat_call
|
0,bt_devic
0,creat_call
0,long_press
0,return
0,long_press
0,status_bar
0,shown
|
0,type
0,turn_wifi
0,search
0,type
|
0,new_messag
0,import_contact
0,tap_delet
0,tap_delet
|
0,fm_radio
0,select
0,fm_radio
0,long_press
0,firefox os
0,open_galleri
0,select_video
0,music_app
0,fm_radio
0,music_app
|
0,open_camera
0,take_photo
0,custom_preload
0,custom_preload
0,record_video
0,take_photo
0,video_app
0,return
0,record_video
0,record_video
0,video_preview
|
0,clock_app
0,clock_app
0,type_address_field
|
0,enabl_bluetooth
0,lock_screen
0,boot_devic
0,input_code
|
0,set
0,lock_screen
0,lock_screen
0,password
0,lock_screen
0,wake
0,lock_screen
0,secur
0,creat_call
0,dialer_app
0,receiv_phone_number
0,creat_call
0,receiv_phone_number
|
0,go
0,sound
0,receiv_messag
0,sound
|
0,go
0,secur
0,type_pin_code
0,open_phone
0,type_pin_code
0,receiv_phone_number
|
0,insert_sim_card
0,open_camera
0,move
0,camcord
0,record_video
0,record_video
0,record_video
|
0,go
0,fast_forward_key
0,home_screen
0,insert_sim_card
0,home_screen
0,go
0,fast_forward_key
0,status_bar
0,fast_forward_key
0,network_oper
|
0,go
0,view
|
0,select
0,select
0,connect
|
0,home_screen
0,contact_app
0,type_set
0,type_set
0,option
0,return
0,home_screen
0,type_set
0,tap
0,type_set
0,home_screen
0,press
0,option
0,type_pin_code
0,option
|
0,type_set
0,type_set
0,select
0,option
0,step
0,return
0,home_screen
0,type_set
0,tap
0,type_set
0,home_screen
0,press
0,option
|
0,home_screen
0,move_app
0,open_browser
0,one_contact
0,move_app
0,tap_button_top_left_screen
0,move_app
0,tap_button_top_left_screen
0,view
0,home_screen
0,attempt
0,move_app
0,market_place
|
0,home_screen
0,insert_sim_card
0,home_screen
0,set
|
0,email_address
0,email_account
0,press_ok
0,password
|
0,set
0,turn_bluetooth
0,devic
0,input_name
0,press_ok
|
0,build_id:
0,send_sms
0,turn_bluetooth
0,tap_icon
0,open_browser
0,type
0,scroll
|
0,go
0,sound
0,clock_app
0,clock_app
0,alarm_time_reach
0,ring
0,home_screen
0,lock_screen
0,step
0,ring
0,sound
0,step
0,home_screen
0,lock_screen
0,ring
0,sound
|
0,contact_app
0,interfac
0,home_screen
0,lock_screen
0,home_screen
0,wake
0,tap_set
0,open_camera
|
0,go
0,secur
0,type_pin_code
0,type_pin_code
0,tap_done
0,dial_number
0,tap_done
0,network_oper
|
0,connect
0,fm_radio
0,choic_allow
0,fm_radio
0,tap
0,return
0,fm_radio
0,music_app
0,music_app
0,music_app
0,connect
0,tap_button
0,music_app
0,connect
0,step
0,sound
0,step
0,music_app
|
0,connect
0,fm_radio
0,connect
0,fm_radio
|
0,type_pin_code
0,reboot_devic
0,lock_screen
0,tap_set
0,type_pin_code
|
0,import_contact
0,new_messag
0,dial_number
0,save
|
0,bt_devic
0,lock_screen
0,bt_devic
0,send_sms
0,open_phone
|
0,internet_share
0,go
0,secur
0,password
0,dial_number
0,save
|
0,dial_number
0,creat_call
0,creat_call
0,dial_number
0,open_phone
0,dial_number
0,dial_number
0,dial_number
|
0,open_calendar
0,open_calendar
0,app_video_content
0,save
|
0,go
0,turn_wifi
0,join_hidden_network
0,join_hidden_network
0,input_name
0,password
0,save
|
0,open_first_time_experi
0,long_press
0,open_menu
0,go
0,interfac
0,resync
0,choic_allow
0,open_camera
0,interfac
0,resync
0,choic_allow
0,step
0,step
0,press_next
0,network_oper
|
0,marketplac_app
0,icon_top_right
0,search
0,open_sms
0,confirm_dialog_display
0,view
0,home_screen
0,return
0,home_screen
0,test_devic
|
0,open_phone
0,send_sms
0,open_phone
0,receiv_messag
0,view
0,receiv_messag
0,view_messag
|
0,save
0,insert_sim_card
0,select_video
0,select_video
0,music_app
0,music_app
|
0,build_id:
0,turn_bluetooth
0,tap_icon
0,slide_right
0,tap_set
0,tap_icon
0,open_menu
0,status_bar
0,tap_icon
|
0,open_unagi_build
0,dialer_app
0,select_galleri
0,market_place
0,ring
0,modifi_volum
0,modifi_volum
0,top_screen_appear
0,view
0,notic
|
0,home_screen
0,tap_icon
0,tap_icon
0,press_sync_friend
0,type
0,password
0,wait
0,press_sync_friend
0,email_account
0,select
0,tap
|
0,open_first_time_experi
0,open_unagi_build
0,modifi_languag
0,date_time
0,option
0,type_address_field
0,select_modifi_button_field
0,view
0,option
0,select_modifi_button_field
0,view
0,option
|
0,build_id:
0,open_unagi_build
0,enabl_usb_storag
0,download_document
0,download_document
0,enabl_usb_storag
0,select_video
0,open_camera
|
0,build_id:
0,status_bar
0,notif
0,tap_icon
|
0,open_galleri
0,turn_bluetooth
0,keyboard_follow_button
0,set_menu
0,attempt
0,view
0,data_connect
0,etc
|
0,bt_devic
0,send_sms
0,bluetooth_transfer
0,send_sms
0,mp
0,mp
0,push
0,wait
0,status_bar
0,notif
|
0,turn_bluetooth
0,bt_devic
0,send_sms
0,send_sms
0,open_phone
0,send_sms
0,attempt
0,send_sms
0,open_phone
0,attempt
0,send_sms
0,open_phone
|
0,build_id:
0,import_contact
0,tap_icon
0,toggl
0,sound
0,push
0,press
0,close_app
0,open_sms
0,tap_icon
|
0,home_screen
0,devic
0,firefox_os
0,bt_devic
0,open_phone
0,open_browser
0,open_menu
0,tap
0,tap_icon
0,turn_bluetooth
0,firefox_os
0,firefox_os
0,send_sms
0,status_bar
0,turn_bluetooth
|
0,select_video
0,second
0,view
|
0,open_camera
0,move
0,video_mode
0,home_screen
0,record_video
0,record_video
0,close_call
0,press_play_button_top_page
0,fm_radio
|
0,build_id:
0,open_camera
0,devic_inform
0,build_id:
|
0,long_press
0,navig
0,everything.m
0,mail
0,view_page
|
0,homescreen
0,everything.m
0,select
0,press_sync_friend
0,call_log
0,view_page
|
0,home_screen
0,email_address
0,everything.m
0,select
0,minut
|
0,home_screen
0,email_address
0,everything.m
0,select
0,home_screen
0,view_page
0,go
0,everything.m
0,view
|
0,open_galleri
0,open_galleri
0,type_edit_mode
0,tap_button_top_left_screen
|
0,time
0,data_connect
0,time
0,set
0,press_ok
0,return
|
0,go
0,modifi_volum
0,modifi_modifi
0,set_screen
0,modifi_volum
0,view_messag
|
0,open_galleri
0,open_galleri
0,view
0,open_menu
0,internet_share
0,internet_share
|
0,go
0,shown
0,network_oper
|
0,status_bar
0,data_connect
0,turn_bluetooth
0,data_connect
0,data_connect
0,data_connect
0,turn_bluetooth
0,data_connect
0,data_connect
|
0,go
0,tap
0,press_next
|
0,open_browser
0,type_url
0,open_camera
0,resync
0,open_browser
0,network_oper
|
0,email_address
0,email_account
0,input_name
0,email_address
0,password
0,close_call
0,receiv_phone_number
|
0,home_screen
0,home_screen
0,connect
0,fm_radio
0,receiv_messag
0,creat_call
0,open_calendar
0,modifi_volum
|
0,connect
0,fm_radio
0,modifi_volum
0,music_app
0,home_screen
0,modifi_volum
0,step
0,modifi_volum
0,step
0,modifi_volum
|
0,lock_screen
0,lock_screen
0,lock_screen
0,home_screen
0,wake
0,tap_button
0,creat_call
0,home_screen
0,set_screen
0,home_screen
0,step
0,wake
|
0,open_galleri
0,open_galleri
0,view
0,type_edit_mode
0,home_screen
0,home_screen
0,wake
0,tap_set
0,move
0,interfac
0,open_galleri
0,view
0,type_edit_mode
0,type_edit_mode
|
0,open_camera
0,move
0,camcord
0,record_video
0,save
0,tap
0,video_preview
0,video_preview
0,open_galleri
0,video_app
|
0,intern_storag
0,enabl_usb_storag
0,open_camera
0,take_photo
0,record_video
0,record_video
0,enabl_usb_storag
0,open_phone
0,network_oper
|
0,bt_devic
0,open_galleri
0,video_mode
0,internet_share
0,pop
0,bt_devic
0,view_messag
|
0,go
0,modifi_apn
0,save
0,insert_sim_card
0,modifi_apn
0,save
|
0,open_camera
0,move
0,camcord
0,record_video
0,save
0,open_galleri
0,tap_delet
0,go
0,open_camera
0,shown
|
0,open_galleri
0,video_mode
0,view
0,tap_button
0,type_edit_mode
0,landscap
0,view
|
0,email_address
0,email_account
0,inbox
0,email_address
0,fast_forward_key
0,fast_forward_key
|
0,open_phone
0,creat_call
0,test_devic
0,creat_call
0,creat_call
0,call_log
0,type_edit_mode
0,select
0,tap_delet
0,insert_sim_card
0,open_phone
0,creat_call
0,test_devic
0,creat_call
0,creat_call
0,call_log
0,type_edit_mode
0,select
0,tap_delet
0,step
0,step
0,call_log
|
0,import_contact
0,new_messag
0,tap
0,open_camera
0,interfac
0,home_screen
0,lock_screen
0,home_screen
0,wake
0,tap_icon
0,open_camera
0,take_photo
|
0,call_log
0,call_log
0,icon_top_right
0,record_video
0,interfac
0,close_call
0,creat_call
0,go
0,interfac
0,view
|
0,call_log
0,call_log
0,close_call
0,creat_call
0,creat_call
0,call_log
0,status_bar
|
0,go
0,set_menu
0,turn_airplan_mode
0,send_sms
0,dial_number
0,send_sms
0,send_sms
|
0,send_sms
0,dial_number
0,send_sms
0,input_name
0,press_ok
0,home_screen
0,import_contact
0,tap_delet
0,send_sms
0,view
|
0,dialer_app
0,creat_call
0,creat_call
0,take_pictur
0,set_screen
|
0,open_galleri
0,select_galleri
0,view
0,tap_button
0,select
0,landscap
0,shown
|
0,go
0,bt_devic
0,long_press
0,lock_screen
0,bt_devic
0,search
0,search
0,bt_devic
0,bt_devic
|
0,type
0,turn_wifi
0,search
|
0,go
0,turn_bluetooth
0,bt_devic
0,send_sms
0,bt_devic
0,bt_devic
|
0,go
0,modifi_modifi
0,open_galleri
0,select_galleri
0,view
0,tap_icon
0,view
|
0,homescreen
0,send_sms
0,creat_call
0,firefox_os
0,view
0,creat_call
0,open_phone
|
0,modifi_wallpap
0,open_galleri
0,take_photo
0,receiv_phone_number
|
0,secur
0,type_pin_code
0,turn_airplan_mode
0,status_bar
0,turn_airplan_mode
0,insert_sim_card
0,interfac
|
0,go
0,bt_devic
0,open_galleri
0,bt_devic
0,go
0,input_name
0,view_messag
0,view_messag
0,bt_devic
|
0,lock_screen
0,send_sms
0,firefox_os
0,lock_screen
0,status_bar
0,view_messag
0,go
0,view
|
0,open_phone
0,open_phone
0,step
0,data_connect
0,data_connect
0,go
0,data_connect
0,data_connect
0,data_connect
|
0,new_messag
0,creat_call
0,creat_call
0,close_call
0,creat_call
0,creat_call
0,interfac
|
0,home_screen
0,close_app
0,select_video
0,view
0,select_galleri
0,music_app
0,return
0,step
0,time
|
0,email_address
0,email_address
0,tap
0,type_set
0,view
|
0,clock_app
0,clock_app
0,open_galleri
0,select_galleri
0,view
0,landscap
0,alarm_time_reach
0,ring
0,edit_alarm
|
0,clock_app
0,clock_app
0,open_galleri
0,open_galleri
0,type_edit_mode
0,alarm_time_reach
0,ring
0,firefox os
0,keyboard_follow_button
|
0,open_browser
0,type_url
0,status_bar
0,view_messag
|
0,modifi_languag
0,receiv_phone_number
0,open_first_time_experi
0,close_app
0,open_browser
0,open_browser
|
0,go
0,network_oper
0,interfac
0,home_screen
0,return
0,music_app
0,network_oper
0,return
0,go
0,network_oper
|
0,instal
0,connect
0,got
0,open_camera
0,search
0,instal
0,download_document
|
0,b2g
0,open_unagi_build
|
0,date_time
0,time
0,open_calendar
0,home_screen
0,open_calendar
0,type
0,record_video
0,close_call
0,set_open_time
0,close_call
0,set
0,new_messag
0,save
|
0,custom_preload
0,export
0,open_unagi_build
|
0,custom_preload
0,view_page
0,devic
0,put_phone
0,custom_preload
0,devic_inform
|
0,firefox_os
0,type_url
0,type
0,firefox_os
0,type_url
0,type
0,tap_link
|
0,open_calendar
0,move
0,view
0,navig
0,two
0,notic
|
0,go
0,open_menu
0,select
0,creat_call
0,fast_forward_key
0,insert_sim_card
0,close_call
0,custom_preload
0,fast_forward_key
|
0,bt_devic
0,open_sms
0,take_pictur
0,open_phone
0,send_sms
0,build_id:
0,close_app
0,open_galleri
0,take_pictur
|
0,music_app
0,music_app
0,keyboard_follow_button
0,press
0,music_app
|
0,connect
0,fm_radio
0,modifi_volum
0,open_first_time_experi
0,find_devic
0,find_devic
0,modifi_volum
|
0,open_phone
0,modifi_languag
0,enabl_wi-fi
|
0,bugzilla_lit_websit
0,press
0,week_tab
0,bugzilla_lit_websit
0,press
0,swipe
|
0,status_bar
0,date_time
0,notif
0,view
|
0,contact_app
0,move
0,video_mode
0,record_video
0,record_video
0,record_video
0,go
0,open_galleri
0,video_app
|
0,send_sms
0,send_sms
0,messag_thread
|
0,open_menu
0,home_screen
0,home_screen
0,notif
0,record_video
0,tap_button_top_left_screen
0,record_video
0,record_video
0,tap_button_top_left_screen
0,record_video
0,record_video
0,tap_button_top_left_screen
0,tap_button_top_left_screen
|
0,music_app
0,connect
0,music_app
0,fm_radio
|
0,date_time
0,open_browser
0,date_time
0,configur_email_account
0,open_browser
0,move
0,week_tab
0,go
0,week_tab
|
0,boot_devic
0,build_id:
0,download_document
|
0,messag_thread
0,send_sms
0,view
0,send_sms
0,view
0,messag_thread
0,turn_airplan_mode
0,send_sms
0,turn_airplan_mode
0,send_sms
0,view
0,turn_airplan_mode
0,send_sms
0,save
0,view
0,send_sms
0,import_contact
0,view
|
0,boot_devic
0,build_id:
0,download_document
0,download_document
0,set_menu
|
0,enabl_bluetooth
0,work_background
0,reboot_devic
0,status_bar
0,work_background
0,go
0,open_sms
0,turn_bluetooth
|
0,open_calendar
0,open_calendar
0,open_calendar
0,open_calendar
0,go
0,scroll
0,go
0,open_calendar
|
0,messag_thread
0,send_sms
0,long
|
0,put_phone
0,music_app
|
0,open_calendar
0,go
0,set_menu
0,select
0,view
0,swipe
0,set_menu
|
0,clock_app
0,clock_app
0,time
0,select_galleri
|
0,call_log
0,tap
0,type_edit_mode
0,dial_number
|
0,call_log
0,creat_call
|
0,contact_app
0,tap_set
0,input_name
0,tap_done
0,input_name
|
0,contact_app
0,new_messag
0,go
0,type_edit_mode
|
0,contact_app
0,go
0,type_edit_mode
0,select
0,tap_delet
|
0,open_browser
0,import_contact
0,new_messag
|
0,email_address
0,email_account
0,select
0,new_email_account
|
0,music_app
0,view_page
0,attempt
0,home_screen
|
0,open_first_time_experi
0,join_hidden_network
0,join_hidden_network
0,password
|
0,contact_app
0,instal
0,home_screen
0,contact_app
0,close_app
|
0,clock_app
0,clock_app
0,time
0,video_mode
0,test_devic
0,go
0,time
0,video_mode
|
0,turn_bluetooth
0,devic
0,view
0,bt_devic
0,view
0,turn_bluetooth
0,turn_bluetooth
0,connect
|
0,firefox_os
0,open_camera
|
0,home_screen
0,tap_set
0,contact_app
0,contact_app
0,icon_top_right
0,insert_sim_card
0,set_screen
0,insert_sim_card
0,import_contact
0,set_screen
0,one_contact
|
0,home_screen
0,tap_set
0,contact_app
0,contact_app
0,icon_top_right
0,insert_sim_card
0,set_screen
0,insert_sim_card
0,import_contact
0,set_screen
0,import_contact
|
0,home_screen
0,tap_set
0,contact_app
0,contact_app
0,icon_top_right
0,insert_sim_card
0,set_screen
0,insert_sim_card
0,import_contact
0,set_screen
0,one_contact
|
0,import_contact
0,new_messag
0,import_contact
|
0,go
0,dialer_app
0,dial_number
|
0,open_creat_test-integr
0,open_galleri
0,home_screen
|
0,bug
0,b2g
0,video_app
|
0,configur_email_account
0,modifi_languag
0,bug
0,send_sms
0,send_sms
0,close_app
0,keep
0,press
0,press
0,work_background
|
0,curl_https
0,open_unagi_build
0,open_first_time_experi
0,swipe
0,everything.m
0,press
0,search
|
0,open_unagi_build
0,open_first_time_experi
0,go
0,set
0,data_connect
0,data_connect
0,open_browser
0,go
0,site
0,open_first_time_experi
0,data_connect
0,step
0,open_browser
0,go
0,site
|
0,home_screen
0,select
0,tap_icon
0,select
0,input_name
0,tap_delet
0,press_ok
0,view
|
0,data_connect
0,type_edit_mode
|
0,open_camera
0,open_creat_test-integr
0,video_app
0,music_app
0,home_screen
0,video_app
0,contact_app
|
0,put_phone
0,open_galleri
0,open_phone
0,turn_bluetooth
0,status_bar
0,close_app
|
0,firefox_os
0,go
0,contact_app
0,tap_set
0,gmail
0,gmail
|
0,open_camera
0,toggl
0,video_mode
0,record_video
0,record_video
0,video_app
|
0,open_camera
0,toggl
0,video_mode
0,record_video
0,record_video
0,check_app
|
0,open_camera
0,set_screen
0,press
0,press
|
0,open_unagi_build
0,reboot_devic
0,boot_devic
0,firefox_os
0,reboot_devic
|
0,set
0,record_video
0,record_video
|
0,open_camera
0,take_pictur
|
0,open_unagi_build
0,home_screen
|
0,home_screen
0,put_phone
0,tap_set
0,open_creat_test-integr
0,devic
|
0,send_sms
0,dut
0,send_sms
0,send_sms
0,tap_set
0,confirm_dialog_display
|
0,open_browser
0,bugzilla_lit_websit
0,go
0,app_video_content
0,press
|
0,send_sms
0,messag_thread
0,send_sms
0,contact_app
0,contact_app
0,tap_set
|
0,dialer_app
0,call_log
|
0,open_browser
0,tap_link
0,http
0,scroll
0,tap_link
|
0,new_messag
0,app_video_content
0,receiv_phone_number
|
0,tap_set
0,modifi_volum
0,time
0,tap_set
0,modifi_volum
0,tap_set
|
0,open_unagi_build
0,home_screen
|
0,open_camera
0,email_account
0,close_app
0,contact_app
0,email_address
0,email_address
|
0,open_browser
0,camera_app
0,keyboard_follow_button
0,video_preview
|
0,receiv_messag
0,dial_number
0,dial_number
0,move
0,send_sms
0,dial_number
|
0,home_screen
0,status_bar
0,tap_set
0,status_bar
|
0,send_mms
0,take_pictur
0,view
|
0,receiv_messag
0,receiv_messag
0,reboot_devic
|
0,new_messag
0,receiv_phone_number
0,tap_set
0,import_contact
|
0,new_messag
0,receiv_phone_number
0,app
0,app_video_content
0,send_sms
|
0,press
0,devic_inform
0,build_id:
0,check_updat
|
0,creat_call
0,set_menu
|
0,password
0,lock_screen
0,password
|
0,lock_screen
0,home_screen
0,home_screen
0,type
0,record_video
0,record_video
0,record_video
|
0,tap
0,devic_inform
0,lock_screen
0,home_screen
0,turn_bluetooth
0,home_screen
0,wake
0,devic
0,enabl_usb_storag
0,tap
|
0,type
0,record_video
0,record_video
0,home_screen
0,go
0,b2g
0,record_video
|
0,clock_app
0,type
0,open_galleri
0,type
0,game_pack
0,ring
|
0,new_messag
0,compos_new_messag
0,toggl
0,modifi_wallpap
0,send_sms
0,receiv_phone_number
|
0,new_messag
0,compos_new_messag
0,music_app
0,send_sms
0,compos_new_messag
0,press
0,option
|
0,contact_app
0,compos_new_messag
0,open_galleri
0,open_galleri
0,press_ok
|
0,contact_app
0,compos_new_messag
0,music_app
0,go
0,compos_new_messag
0,send_sms
0,option
|
0,open_browser
0,tap_link
0,download_document
|
0,close_app
0,creat_call
0,creat_call
0,creat_call
0,call_log
|
0,call_log
0,dialer_app
0,go
0,call_log
0,type_edit_mode
0,call_log
0,tap_delet
0,call_log
0,open_phone
0,open_phone
0,call_log
|
0,contact_app
0,turn_bluetooth
0,turn_bluetooth
|
0,send_mms
0,send_mms
0,open_camera
|
0,open_creat_test-integr
0,devic
|
0,put_phone
0,light
|
0,type_set
0,display
0,adjust_automat
|
0,lock_screen
0,home_screen
|
0,insert_sim_card
0,check_updat
0,view_messag
0,insert_sim_card
0,check_updat
0,contact_app
|
0,open_camera
0,move
0,open_camera
0,put_phone
0,landscap
0,take_pictur
0,record_video
0,take_pictur
0,put_phone
0,landscap
0,take_pictur
0,record_video
0,take_pictur
|
0,go
0,open_galleri
0,take_pictur
0,type_edit_mode
0,type_edit_mode
|
0,updat_name
0,new_messag
0,open_phone
0,ffos_phone
0,put_phone
0,put_phone
|
0,open_camera
0,toggl
0,open_camera
0,toggl
0,video_mode
0,toggl
0,type_edit_mode
|
0,open_camera
0,record_video
0,record_video
0,record_video
|
0,toggl
0,video_mode
0,record_video
0,record_video
|
0,toggl
0,video_mode
0,record_video
0,record_video
0,home_screen
0,status_bar
|
0,creat_call
0,flame_devic
0,turn_bluetooth
0,second
0,turn_bluetooth
0,home_screen
|
0,video_mode
0,turn_airplan_mode
0,dial_number
0,creat_call
|
0,lock_screen
0,bt_devic
0,wait
|
0,dialer_app
0,call_log
|
0,press
0,icon_top_right
0,select_galleri
0,press
0,input_name
|
0,save
0,input_name
0,press
0,creat_call
|
0,open_phone
0,send_mms
0,ffos_phone
0,ffos_phone
0,send_mms
|
0,send_sms
0,send_mms
0,take_pictur
0,home_screen
0,camera_app
0,send_sms
0,go
0,send_sms
|
0,bugzilla_lit_websit
0,tap_set
0,import_contact
0,tap_set
0,type_edit_mode
0,tap_done
0,email_address
0,week_tab
0,import_contact
|
0,send_sms
0,messag_thread
0,messag_thread
0,new_messag
0,new_messag
0,set_menu
0,messag_thread
|
0,modifi_languag
0,modifi_languag
0,view
0,send_sms
0,new_messag
|
0,open_phone
0,send_mms
0,ffos_phone
0,ffos_phone
0,send_mms
|
0,open_galleri
0,home_screen
0,ftu
0,open_phone
0,send_sms
0,ffos_phone
0,receiv_messag
0,receiv_messag
|
0,send_sms
0,send_sms
0,send_sms
0,close_app
0,new_messag
|
0,set
0,turn_airplan_mode
0,send_sms
0,send_sms
|
0,save
0,creat_call
0,build_id:
0,step
|
0,open_sms
0,move
0,open_camera
|
0,connect
0,enabl_usb_storag
0,internet_share
0,enabl_usb_storag
0,internet_share
0,turn_wifi
|
0,go
0,set
0,turn_wifi
0,join_hidden_network
0,secur
0,send_sms
0,type_set
0,view
0,password
0,connect
0,join_hidden_network
|
0,type
0,modifi_languag
0,modifi_languag
0,go
0,set
0,open_menu
0,devic_inform
|
0,compos_new_messag
0,open_camera
0,send_sms
0,video_app
0,send_sms
0,view
|
0,contact_app
0,move
|
0,turn_airplan_mode
0,move
0,turn_airplan_mode
0,move
0,turn_airplan_mode
0,turn_airplan_mode
|
0,type_set
0,modifi_languag
0,modifi_languag
0,go
0,set
0,sound
0,modifi_modifi
0,app_video_content
|
0,type_set
0,modifi_languag
0,modifi_languag
0,go
0,set
0,sound
0,modifi_modifi
0,app_video_content
|
0,type_edit_mode
0,set
0,devic_inform
0,devic_inform
0,check_app
0,dialer_app
|
0,open_browser
0,bugzilla_lit_websit
0,go
0,view_page
0,open_phone
|
0,music_app
0,select
0,option
0,send_sms
|
0,insert_sim_card
0,record_video
0,set_open_time
0,data_connect
0,join_hidden_network
|
0,check_updat
0,download_document
0,build_id:
|
0,check_updat
0,download_document
0,build_id:
0,instal
0,check_updat
0,view_messag
0,check_updat
|
0,video_mode
0,video_mode
0,video_mode
0,video_mode
|
0,put_phone
0,connect
0,boot_devic
0,home_screen
|
0,sound
0,go
0,home_screen
0,home_screen
|
0,open_galleri
0,home_screen
0,camera_app
0,home_screen
0,move
|
0,send_sms
0,new_messag
0,send_sms
0,send_sms
0,open_camera
0,take_pictur
|
0,open_browser
0,market_place
0,select_video
0,music_app
0,turn_bluetooth
|
0,save
0,creat_call
|
0,bt_devic
0,test_devic
0,test_devic
0,turn_bluetooth
0,creat_call
|
0,interfac
0,import_contact
0,tap_delet
0,import_contact
0,app_video_content
0,send_sms
0,send_sms
|
0,type
0,send_sms
0,open_camera
0,take_pictur
0,insert_sim_card
0,type
0,send_mms
0,send_mms
0,video_preview
0,save
0,save
|
0,open_browser
0,devic
0,home_screen
|
0,send_sms
0,send_sms
|
0,send_sms
0,new_messag
|
0,take_photo
0,take_photo
0,video_mode
0,press_edit_icon
0,type_edit_mode
|
0,custom_preload
0,bt_devic
0,go
0,open_browser
0,search
0,option
0,game_pack
0,open_sms
|
0,put_phone
0,wake
|
0,send_sms
0,email_account
0,send_sms
0,email_address
|
0,open_phone
0,send_sms
0,ffos_phone
0,status_bar
0,tap
0,new
|
0,open_phone
0,send_sms
0,ffos_phone
0,ffos_phone
|
0,open_first_time_experi
0,one_contact
|
0,open_galleri
0,select_galleri
0,type_edit_mode
0,press_edit_icon
0,modifi_modifi
|
0,import_contact
0,import_contact
0,move_app
|
0,bt_devic
0,test_devic
0,test_devic
|
0,modifi_modifi
0,set
0,intern_storag
0,open_sms
0,open_first_time_experi
0,record_video
|
0,insert_sim_card
0,open_phone
0,modifi_modifi
0,insert_sim_card
0,open_camera
0,record_video
0,record_video
0,second
0,insert_sim_card
|
0,close_app
0,set_screen
0,turn_bluetooth
0,creat_call
0,interfac
|
0,dial_number
0,creat_call
0,interfac
0,shown
|
0,new_messag
0,import_contact
0,two
0,send_sms
0,contact_app
|
0,open_browser
0,type_edit_mode
0,app_video_content
0,creat_call
0,ring
|
0,ffos_phone
0,new_messag
0,receiv_phone_number
0,app_video_content
0,open_phone
0,send_sms
0,ffos_phone
0,receiv_messag
0,notif
0,creat_call
0,tap_button_top_left_screen
|
0,search
0,type
0,check_app
0,tap_delet
0,home_screen
0,type
0,check_app
0,tap_delet
|
0,open_camera
0,new_messag
0,insert_sim_card
0,tap
0,option
|
0,two
0,two
0,bt_devic
0,open_phone
0,set_menu
0,take_pictur
0,open_phone
0,send_mms
0,receiv_messag
0,take_pictur
0,take_pictur
0,home_screen
|
0,instal
0,app
0,poppit
0,game_pack
0,network_oper
0,custom_preload
0,type
0,poppit
0,game_pack
0,network_oper
|
0,save
0,contact_app
0,save
0,send_sms
|
0,insert_sim_card
0,go
0,creat_call
0,interfac
|
0,creat_call
0,ring
0,open_phone
0,insert_sim_card
|
0,open_unagi_build
0,build_id:
|
0,modifi_languag
0,view
0,creat_call
|
0,fast_forward_key
0,fast_forward_key
0,fast_forward_key
0,fast_forward_key
0,fast_forward_key
|
0,enabl_wi-fi
0,enabl_bluetooth
0,view
0,enabl_wi-fi
0,join_hidden_network
|
0,receiv_messag
0,build_id:
0,fm_radio
0,download_document
0,receiv_phone_number
0,reboot_devic
0,build_id:
|
0,insert_sim_card
0,open_phone
0,home_screen
0,turn_bluetooth
0,open_menu
0,insert_sim_card
0,insert_sim_card
0,insert_sim_card
0,insert_sim_card
0,home_screen
0,home_screen
0,return
0,modifi_wallpap
0,home_screen
|
0,music_app
0,creat_call
0,open_phone
0,check_app
|
0,music_app
0,go
0,home_screen
0,check_updat
|
0,go
0,set_screen
0,sound
0,select
0,ring
0,home_screen
|
0,go
0,set_screen
0,sound
0,modifi_modifi
0,ring
0,tap_done
|
0,open_galleri
0,open_phone
0,dial_number
0,check_app
0,open_phone
0,check_updat
0,custom_preload
0,devic_inform
0,check_app
|
0,creat_call
0,time
|
0,type
0,app_video_content
0,type
0,app_video_content
|
0,music_app
0,creat_call
0,open_phone
|
0,ring
0,video_preview
0,ring
0,minut
0,ring
|
0,sound
0,go
0,home_screen
0,modifi_volum
0,modifi_volum
|
0,turn_airplan_mode
0,turn_bluetooth
0,turn_bluetooth
0,turn_airplan_mode
|
0,open_camera
0,new_messag
0,import_contact
0,send_sms
|
0,one_contact
0,check_updat
0,send_sms
|
0,open_phone
0,go
0,set_screen
|
0,open_camera
0,home_screen
0,work_background
0,home_screen
0,set_screen
0,open_camera
|
0,type
0,alarm_time_reach
0,check_app
|
0,type
0,view
|
0,receiv_phone_number
0,select_galleri
0,go
0,receiv_phone_number
0,status_bar
|
0,go
0,set_screen
0,modifi_volum
|
0,import_contact
0,press_sync_friend
0,press
|
0,connect
0,music_app
0,fm_radio
0,home_screen
|
0,push
0,open_phone
0,push
0,music_app
|
0,marketplac_app
0,app
|
0,bt_devic
0,connect
0,modifi_modifi
0,connect
|
0,send_sms
0,ffos_phone
0,ffos_phone
|
0,close_app
0,home_screen
|
0,enabl_usb_storag
0,turn_wifi
|
0,press_sync_friend
0,press_sync_friend
|
0,set_screen
0,enabl_usb_storag
0,intern_storag
0,enabl_usb_storag
|
0,open_camera
0,new_messag
0,tap_set
0,import_contact
|
0,open_camera
0,send_mms
0,tap_set
0,type_edit_mode
|
0,open_galleri
0,home_screen
|
0,notif
0,notif
0,close_app
|
0,go
0,set_screen
0,save
0,home_screen
|
0,ffos_phone
0,status_bar
0,notif
|
0,test_devic
0,test_devic
0,open_camera
0,send_sms
|
0,home_screen
0,enabl_usb_storag
0,check_app
|
0,home_screen
0,enabl_usb_storag
0,check_app
|
0,home_screen
0,email_address
0,email_address
0,fast_forward_key
|
0,home_screen
0,email_address
0,one_contact
|
0,open_camera
0,modifi_modifi
0,open_unagi_build
0,modifi_modifi
0,toggl
0,modifi_modifi
0,go
|
0,insert_sim_card
0,home_screen
|
0,date_time
0,date_time
0,select_galleri
0,open_phone
0,icon_top_right
0,go
0,date_time
0,date_time
0,select_galleri
|
0,custom_preload
0,download_document
0,open_camera
0,take_photo
0,new_messag
0,connect
0,enabl_usb_storag
0,send_sms
0,time
0,send_sms
|
0,creat_call
0,connect
0,bt_devic_set_bluetooth
0,bt_devic_set_bluetooth
|
0,send_mms
0,record_video
0,insert_sim_card
0,send_sms
0,view
|
0,music_app
0,connect
0,music_app
0,connect
0,test_devic
0,music_app
0,dut
|
0,contact_app
0,messag_thread
0,go
|
0,email_address
0,mail
0,send_sms
|
0,scroll
0,type
|
0,music_app
0,second
0,open_phone
0,second
|
0,insert_sim_card
0,boot_devic
0,import_contact
0,new_messag
0,input_name
0,open_phone
0,new_messag
0,send_sms
0,new_messag
0,send_sms
|
0,boot_devic
0,new_messag
0,new_messag
0,web_apps”_navig
0,messag_thread
0,app_video_content
0,custom_preload
0,send_sms
0,close_app
0,scroll
|
0,open_phone
0,take_pictur
0,insert_sim_card
0,intern_storag
0,insert_sim_card
0,open_phone
0,take_pictur
0,view_photo_storag_locat
0,insert_sim_card
0,open_phone
0,intern_storag
0,intern_storag
0,open_phone
0,take_pictur
0,view_photo_storag_locat
|
0,creat_call
0,connect
0,open_camera
0,new_messag
0,creat_call
0,music_app
|
0,put_phone
0,video_app
0,intern_storag
0,intern_storag
0,open_galleri
0,view_load_time
|
0,put_phone
0,intern_storag
0,intern_storag
0,contact_app
0,view_load_time
|
0,put_phone
0,video_app
0,insert_sim_card
0,contact_app
0,music_app
0,move
0,music_app
|
0,go
0,home_screen
0,tap_icon
0,set
0,contact_app
0,home_screen
0,go
0,home_screen
0,home_screen
0,insert_sim_card
|
0,devic_inform
0,enabl_bluetooth
0,adjust_automat
|
0,insert_sim_card
0,connect
0,enabl_usb_storag
0,go
0,set
0,display
0,set_screen
0,minut
0,go
0,set
0,intern_storag
0,enabl_usb_storag
|
0,go
0,set
0,display
0,set_screen
0,minut
0,home_screen
0,tap_icon
0,email_address
0,new_email_account
0,configur_email_account
0,home_screen
0,send_sms
0,set_screen
0,time
0,enabl_usb_storag
0,sign_test_account_credenti
0,configur_email_account
0,arrang
0,receiv_messag
0,lock_screen
|
0,open_camera
0,toggl
0,video_mode
0,home_screen
0,record_video
0,home_screen
0,open_phone
0,open_camera
0,check_app
|
0,contact_app
0,messag_thread
0,receiv_messag
0,compos_new_messag
0,display
|
0,contact_app
0,compos_new_messag
0,new_messag
0,input_name
0,compos_new_messag
0,send_sms
0,send_sms
0,input_name
0,input_name
0,tap
0,creat_call
|
0,contact_app
0,import_contact
0,send_sms
0,send_sms
0,compos_new_messag
|
0,set_menu
0,modifi_languag
0,turn_wifi
0,set_menu
0,turn_wifi
0,search
|
0,contact_app
0,contact_app
0,date_time
0,modifi_modifi
0,send_sms
|
0,contact_app
0,tap_set
0,move_app
0,receiv_phone_number
0,tap
0,modifi_wallpap
0,send_sms
0,new_messag
|
0,go
0,set
0,display
0,set_screen
0,minut
0,go
0,set
0,devic_inform
0,devic_inform
0,develop
0,configur_email_account
0,go
0,set
0,enabl_wi-fi
0,adjust_automat
0,insert_sim_card
0,go
0,set
0,data_connect
0,data_connect
0,enabl_bluetooth
0,home_screen
0,tap_icon
0,email_address
0,configur_email_account
0,mail
0,new_email_account
0,home_screen
0,send_sms
0,set_screen
0,time
0,enabl_usb_storag
0,sign_test_account_credenti
0,configur_email_account
0,arrang
0,receiv_messag
0,open_phone
|
0,go
0,set
0,display
0,set_screen
0,minut
0,home_screen
0,tap_icon
0,email_address
0,new_email_account
0,new_email_account
0,configur_email_account
0,home_screen
0,send_sms
0,set_screen
0,time
0,enabl_usb_storag
0,sign_test_account_credenti
0,configur_email_account
0,arrang
0,receiv_messag
|
0,lock_screen
0,creat_call
0,connect
0,open_phone
0,creat_call
|
0,go
0,set
0,option
0,turn_wifi
0,toggl
0,step
|
0,open_unagi_build
0,swipe
0,icon_top_right
0,call_log
|
0,new_messag
0,import_contact
0,import_contact
0,new_messag
0,receiv_messag
0,import_contact
|
0,lock_screen
0,lock_screen
0,turn_bluetooth
0,set_screen
0,password
0,lock_screen
0,lock_screen
|
0,modifi_languag
0,english
0,clock_app
0,navig
0,swipe
0,record_video
0,home_screen
|
0,call_log
0,dial_number
0,creat_call
0,call_log
|
0,set_menu
0,leav
0,connect
0,turn_wifi
0,leav
0,ap
0,return
0,leav
|
0,insert_sim_card
0,check_app
0,open_phone
0,send_sms
0,check_app
|
0,two
0,configur_email_account
0,connect
0,turn_wifi
0,connect
|
0,open_calendar
0,open_calendar
0,view
|
0,home_screen
0,bar_top_screen
|
0,open_browser
0,type_url
0,check_updat
|
0,sound
0,home_screen
0,creat_call
0,go
0,sound
0,sound
0,home_screen
0,creat_call
0,go
0,sound
0,sound
0,modifi_volum
0,modifi_volum
|
0,push
0,video_app
|
0,record_video
0,set
0,send_sms
|
0,open_calendar
0,open_calendar
0,open_calendar
0,open_calendar
0,open_browser
|
0,ffos_phone
0,contact_app
0,call_log
0,messag_thread
0,press
0,type_edit_mode
0,select
0,tap_delet
|
0,instal
0,view_messag
0,devic
0,b2g
0,view_messag
0,open_unagi_build
|
0,toggl
0,turn_wifi
0,tap_button_top_left_screen
0,turn_wifi
|
0,send_mms
0,one_contact
0,send_mms
0,step
0,take_pictur
0,take_pictur
0,type_edit_mode
0,type_edit_mode
0,messag_thread
|
0,http
0,type_set
0,compos_new_messag
|
0,http
0,download_document
0,send_sms
0,open_creat_test-integr
|
0,http
0,http
|
0,open_phone
0,send_mms
0,ffos_phone
0,one_contact
0,contact_app
0,compos_new_messag
0,compos_new_messag
0,open_phone
0,send_mms
0,ffos_phone
0,contact_app
0,compos_new_messag
|
0,open_creat_test-integr
0,type
0,set_menu
0,data_connect
0,modifi_languag
|
0,open_browser
0,instal
0,modifi_modifi
0,landscap
0,open_phone
0,landscap
|
0,home_screen
0,press
0,open_menu
0,home_screen
0,ring
0,view
0,home_screen
0,view
|
0,email_address
0,password
0,new_email_account
0,press_next
|
0,http
0,wait
0,build_id:
|
0,open_camera
0,take_pictur
0,open_galleri
0,open_galleri
0,take_pictur
0,reboot_devic
0,open_galleri
0,video_mode
0,connect
0,enabl_usb_storag
|
0,test_devic
0,open_first_time_experi
|
0,open_unagi_build
0,insert_sim_card
0,open_unagi_build
0,insert_sim_card
0,modifi_languag
0,go
0,type_pin_code
0,type_pin_code
0,modifi_languag
|
0,open_galleri
0,open_galleri
0,take_pictur
0,two
|
0,open_camera
0,import_contact
0,code_adb_pull
0,find_devic
0,open_unagi_build
0,attempt
0,open_unagi_build
0,devic
|
0,open_galleri
0,toggl
0,video_mode
0,bt_devic
0,home_screen
0,work_background
0,open_galleri
0,toggl
0,video_mode
0,video_preview
0,firefox os
0,close_call
|
0,open_browser
0,alert
|
0,creat_call
0,dial_number
|
0,open_galleri
0,modifi_modifi
0,video_mode
0,record_video
0,record_video
0,modifi_modifi
0,type_edit_mode
0,take_pictur
|
0,type
0,go
0,set_screen
0,camera_app
0,import_contact
|
0,devic
0,connect
0,fm_radio
0,search
0,connect
0,connect
0,fm_radio
0,connect
0,connect
0,search
|
0,contact_app
0,tap_set
0,import_contact
0,gmail
0,type
0,password
0,sign_test_account_credenti
0,wait
0,display
0,one_contact
|
0,new_messag
0,tap
0,import_contact
0,tap_set
0,import_contact
|
0,firefox_os
0,firefox_os
0,home_screen
0,firefox_os
|
0,open_browser
0,go
0,type_url
0,tap_button
0,import_contact
0,home_screen
0,home_screen
|
0,open_phone
0,ring
0,go
0,set
0,sound
0,modifi_volum
0,ring
0,tap_done
0,save
0,go
0,bt_devic
0,modifi_volum
|
0,dialer_app
0,type
|
0,open_phone
0,go
0,go
0,devic_inform
0,contact_app
0,view
0,check_app
0,record_video
0,go
0,open_browser
|
0,contact_app
0,tap_set
0,import_contact
0,gmail
0,tap_set
|
0,gmail
0,firefox_os
0,import_contact
0,gmail
0,gmail
0,import_contact
0,view
|
0,new_messag
0,work_background
0,send_sms
0,tap_icon
0,select_video
0,video_mode
0,music_app
|
0,bug
0,music_app
0,music_app
0,home_screen
0,home_screen
|
0,open_camera
0,configur_email_account
0,open_unagi_build
0,call_log
0,open_unagi_build
|
0,music_app
0,enabl_usb_storag
0,record_video
0,open_camera
0,enabl_usb_storag
|
0,open_browser
0,home_screen
0,view
|
0,data_connect
0,data_connect
0,network_oper
0,set
0,receiv_phone_number
0,join_hidden_network
0,set
0,correct
|
0,new_email_account
0,press_edit_icon
|
0,got
0,clock_app
0,clock_app
0,option
0,sound
0,sound
0,tap
|
0,open_camera
0,move
0,video_mode
0,video_mode
0,video_app
0,press_ok
|
0,open_galleri
0,toggl
0,video_mode
0,home_screen
0,video_mode
0,home_screen
0,work_background
0,home_screen
0,go
0,type
0,step
|
0,go
0,app_video_content
0,send_sms
0,press
0,instal
0,top
0,long
0,firefox os
0,top
|
0,open_galleri
0,toggl
0,video_mode
0,home_screen
0,video_mode
0,home_screen
0,work_background
0,home_screen
0,go
0,type
0,step
|
0,date_time
0,select
|
0,type
0,select_custom_one
0,tap_icon
0,bluetooth_transfer
|
0,home_screen
0,put_phone
0,open_phone
0,minut
0,wake
0,notic
|
0,new_messag
0,email_address
0,send_sms
|
0,home_screen
0,gmail
0,take_photo
0,two
|
0,open_camera
0,move
0,video_mode
0,open_unagi_build
0,home_screen
0,contact_app
0,step
0,light
|
0,video_app
0,one_contact
|
0,connect
0,creat_call
0,home_screen
0,type
0,select_galleri
0,bt_devic
0,select_galleri
|
0,home_screen
0,go
0,home_screen
0,check_app
0,swipe
0,icon_top_right
0,check_app
|
0,set_screen
0,import_contact
0,move_app
0,week_tab
0,swipe
|
0,check_app
0,clock_app
0,connect
0,check_app
0,clock_app
0,email_address
0,clock_app
0,open_browser
|
0,swipe
0,tap_delet
0,check_app
|
0,type_edit_mode
0,compos_new_messag
0,music_app
0,send_mms
0,select
|
0,fm_radio
0,modifi_volum
0,modifi_volum
0,home_screen
|
0,new_messag
0,app_video_content
0,home_screen
0,fast_forward_key
|
0,new_messag
0,send_mms
0,select_video
0,go
0,set_screen
0,tap
|
0,new_messag
0,new_messag
0,home_screen
|
0,type
0,new_messag
0,send_sms
0,take_pictur
0,set_screen
|
0,type
0,video_mode
0,open_unagi_build
0,open_unagi_build
0,put_phone
0,take_pictur
|
0,open_galleri
0,toggl
0,video_mode
0,video_mode
0,home_screen
0,go
0,home_screen
0,step
0,time
0,fm_radio
0,search
0,home_screen
0,work_background
|
0,creat_call
0,connect
0,dial_number
0,dial_number
0,devic
0,connect
0,fm_radio
0,search
0,connect
0,connect
0,fm_radio
0,connect
0,connect
0,search
|
0,contact_app
0,insert_sim_card
0,insert_sim_card
0,import_contact
0,close_app
0,contact_app
|
0,new_messag
0,type_address_field
0,dial_number
0,check_app
0,send_mms
0,send_sms
|
0,marketplac_app
0,check_app
|
0,creat_call
0,creat_call
0,receiv_messag
0,connect
|
0,dial_number
0,dial_number
|
0,go
0,set
0,devic_inform
0,devic_inform
0,notic
0,tap_link
0,view
|
0,open_camera
0,home_screen
0,camera_app
|
0,set
0,minut
0,sound
0,gmail
|
0,go
0,set
0,sound
0,notif
0,modifi_volum
0,modifi_volum
0,view
0,send_sms
0,open_phone
|
0,contact_app
0,music_app
0,creat_call
|
0,record_video
0,record_video
0,press
0,open_galleri
0,open_galleri
0,press
0,go
0,contact_app
|
0,turn_bluetooth
0,video_mode
0,open_phone
0,turn_airplan_mode
0,work_background
0,turn_bluetooth
0,turn_bluetooth
0,video_mode
0,video_mode
0,turn_bluetooth
|
0,turn_bluetooth
0,go
0,set
0,data_connect
0,go
0,join_hidden_network
0,data_connect
0,network_oper
0,join_hidden_network
|
0,video_app
0,send_sms
0,view
0,press
0,homescreen
0,video_app
0,open_creat_test-integr
|
0,video_preview
0,open_unagi_build
0,open_phone
0,open_phone
0,web_apps”_navig
0,http
|
0,clock_app
0,week_tab
|
0,home_screen
0,swipe
0,lock_screen
|
0,open_galleri
0,video_preview
|
0,set
0,display
0,adjust_automat
|
0,instal
0,boot_devic
0,type
0,enabl_bluetooth
0,go
0,import_contact
0,tap_set
0,press_sync_friend
0,import_contact
0,import_contact
|
0,call_log
0,press_edit_icon
0,home_screen
0,icon_top_right
0,confirm_dialog_display
|
0,modifi_languag
0,input_name
0,mail
0,tap_set
0,mail
0,result
|
0,turn_bluetooth
0,open_phone
|
0,connect
0,connect
|
0,open_calendar
0,tap_button_top_left_screen
0,home_screen
0,open_calendar
0,select_galleri
0,type_address_field
0,check_appear_correct_keyboard
0,type
|
0,music_app
0,fast_forward_key
0,fast_forward_key
0,fast_forward_key
0,home_screen
0,music_app
0,press_next
0,record_video
0,press_next
|
0,modifi_languag
0,reboot_devic
0,new_messag
0,send_sms
0,one_contact
0,check_app
|
0,firefox_os
0,download_document
0,open_browser
0,go
0,long
0,open_browser
0,scroll
0,scroll
0,open_first_time_experi
0,open_first_time_experi
|
0,connect
0,enabl_usb_storag
0,home_screen
0,modifi_wallpap
0,tap_set
0,new_messag
0,new_messag
0,send_sms
0,type
0,receiv_phone_number
0,music_app
0,enabl_usb_storag
|
0,open_unagi_build
0,insert_sim_card
0,boot_devic
0,go
0,record_video
|
0,open_unagi_build
0,insert_sim_card
0,boot_devic
0,go
0,open_camera
|
0,set
0,open_menu
0,press
|
0,go
0,open_calendar
0,move
0,scroll
|
0,receiv_messag
0,open_phone
|
0,push
0,intern_storag
0,video_app
0,view
|
0,open_unagi_build
0,insert_sim_card
0,boot_devic
0,go
|
0,bt_devic_set_bluetooth
0,send_sms
0,devic
0,send_sms
|
0,new_messag
0,open_galleri
0,select_video
0,internet_share
|
0,set
0,devic_inform
0,secur
|
0,open_browser
0,marketplac_app
0,home_screen
0,press
0,long_press
|
0,http
0,data_connect
0,open_browser
0,put_phone
0,turn_bluetooth
0,turn_bluetooth
0,open_first_time_experi
0,turn_wifi
|
0,marketplac_app
0,music_app
0,open_camera
0,select_galleri
0,music_app
|
0,go
0,everything.m
0,import_contact
0,home_screen
0,go
0,home_screen
0,set
0,go
0,home_screen
0,set
|
0,insert_sim_card
0,home_screen
0,sound
0,insert_sim_card
0,home_screen
0,shown
0,join_hidden_network
0,home_screen
0,shown
|
0,turn_airplan_mode
0,contact_app
|
0,music_app
0,music_app
0,notif
0,notif
0,music_app
0,music_app
|
0,dialer_app
0,home_screen
|
0,email_account
0,inbox
0,turn_wifi
0,join_hidden_network
|
0,dialer_app
0,home_screen
|
0,video_app
0,music_app
|
0,password
0,notic
0,notic
0,lock_screen
0,tap_set
0,take_photo
0,take_pictur
0,record_video
0,home_screen
0,set_screen
0,press_ok
0,go
0,open_galleri
|
0,take_photo
0,video_mode
0,tap_delet
0,press_ok
0,video_mode
0,select_custom_one
0,tap_delet
0,confirm_dialog_display
|
0,import_contact
0,export
0,insert_sim_card
0,turn_bluetooth
0,shown
|
0,clock_app
0,go
0,week_tab
0,record_video
0,tap_button
|
0,press
0,insert_sim_card
0,one_contact
0,press
0,open_phone
0,minut
0,sound
|
0,navig
0,move_app
0,press_next
|
0,go
0,set
0,enabl_wi-fi
0,enabl_wi-fi
0,home_screen
0,tap_set
0,contact_app
0,tap_set
0,set_screen
0,import_contact
0,import_contact
0,option
0,insert_sim_card
0,import_contact
0,go
0,view
0,import_contact
|
0,build_id:
0,set
0,scroll
0,press
|
0,build_id:
0,contact_app
0,scroll
0,press
|
0,open_camera
0,modifi_modifi
0,take_pictur
0,tap_button_top_left_screen
0,video_preview
0,tap_delet
0,tap_icon
|
0,homescreen
0,clock_app
0,move
0,week_tab
0,minut
0,push
0,home_screen
0,contact_app
0,second
0,second
0,second
0,home_screen
0,firefox os
|
0,open_unagi_build
0,turn_bluetooth
0,landscap
0,open_galleri
0,open_galleri
0,return
0,landscap
|
0,open_unagi_build
0,reboot_devic
0,open_browser
0,home_screen
|
0,open_unagi_build
0,open_unagi_build
0,reboot_devic
0,market_place
0,tap_set
0,type_edit_mode
0,home_screen
0,camera_app
|
0,clock_app
0,go
0,record_video
0,record_video
0,home_screen
0,tap_button
|
0,open_phone
0,fm_radio
0,tune
0,fm_radio
0,move
|
0,open_unagi_build
0,open_unagi_build
0,reboot_devic
0,email_address
0,email_account
0,compos_new_messag
0,app_video_content
|
0,open_unagi_build
0,open_unagi_build
0,email_address
0,new_email_account
0,compos_new_messag
0,type_set
|
0,open_unagi_build
0,open_unagi_build
0,reboot_devic
0,email_address
0,new_email_account
0,email_address
0,view_page
0,email_account
|
0,build_id:
0,build_id:
0,open_browser
0,navig
0,http
0,swipe
0,scroll
0,view
|
0,open_unagi_build
0,open_unagi_build
0,reboot_devic
0,contact_app
0,devic
0,keep
0,develop
0,contact_app
0,scroll
0,scroll
0,email_address
0,email_address
|
0,send_sms
0,new_messag
0,tap_icon
0,contact_app
|
0,type_pin_code
0,open_phone
0,type_pin_code
0,home_screen
|
0,open_browser
0,bugzilla_lit_websit
0,two
0,two
0,press
0,two
|
0,open_browser
0,type_url
0,view_page
0,keyboard_follow_button
0,type_url
0,homescreen
0,go
0,homescreen
0,type_url
0,type_edit_mode
0,tap_delet
|
0,creat_call
0,bt_devic
0,creat_call
0,home_screen
0,close_call
|
0,type_edit_mode
0,dial_number
0,close_call
|
0,clock_app
0,move_app
|
0,go
0,http
0,type_address_field
0,open_browser
0,view
|
0,contact_app
0,tap_search_bar
0,type
0,search
0,one_contact
0,open_browser
0,type_edit_mode
0,tap_delet
0,tap_search_bar
|
0,open_galleri
0,take_pictur
0,internet_share
0,email_address
|
0,call_log
0,save
0,email_account
0,contact_app
0,type_edit_mode
0,home_screen
|
0,insert_sim_card
0,type
|
0,new_messag
0,internet_share
0,receiv_phone_number
|
0,one_contact
0,contact_app
0,tap_search_bar
0,tap_search_bar
0,open_browser
0,type_edit_mode
0,input_name
0,save
0,return
0,search
|
0,modifi_apn
0,open_first_time_experi
0,modifi_volum
0,unabl
0,build_debug=_flag
|
0,dut
0,send_sms
0,send_sms
0,notif
0,contact_app
0,music_app
|
0,open_camera
0,build_id:
0,http
0,build_id:
0,curl_https
|
0,type_pin_code
0,type_pin_code
|
0,new_messag
0,new_messag
0,type_address_field
0,send_sms
0,tap
|
0,type
0,slide_right
0,view
|
0,clock_app
0,lock_screen
0,wait
0,lock_screen
|
0,boot_devic
0,internet_share
0,press_sync_friend
0,ffos_phone
0,press_sync_friend
|
0,receiv_phone_number
0,firefox_os
0,open_browser
0,press
0,press_sync_friend
0,receiv_phone_number
0,firefox_os
0,open_browser
0,press
0,import_contact
0,press
|
0,new_messag
0,receiv_phone_number
0,record_video
0,send_sms
|
0,set
0,go
0,instal
|
0,send_sms
0,tap_delet
0,type_set
0,send_sms
0,type_set
|
0,insert_sim_card
0,type_address_field
0,open_sms
|
0,connect
0,select_video
0,view
0,music_app
|
0,open_phone
0,time
0,send_sms
0,new_messag
|
0,turn_wifi
0,go
0,modifi_languag
0,mp
0,go
0,open_browser
|
0,enabl_bluetooth
0,open_galleri
0,open_galleri
0,enabl_bluetooth
0,compos_new_messag
0,slide_right
0,open_galleri
0,bt_devic
0,open_galleri
0,notif
0,creat_call
|
0,enabl_bluetooth
0,week_tab
0,data_connect
0,call_log
|
0,modifi_languag
0,scroll
0,keyboard_follow_button
|
0,go
0,display
0,adjust_automat
0,status_bar
0,modifi_modifi
|
0,marketplac_app
0,web_apps”_navig
0,sign_test_account_credenti
0,home_screen
|
0,move
0,english
0,type_pin_code
0,type_pin_code
0,english
0,move
0,bt_devic
0,move
0,type_pin_code
|
0,move
0,english
0,go
0,set
0,tap_icon
0,secur
0,set
0,move
0,secur
0,press_ok
0,secur
0,secur
0,go
0,select
0,move
0,secur
0,secur
|
0,instal
0,set
0,date_time
|
0,long_press
0,swipe
0,list_firefox os
0,home_screen
0,press
0,tap_set
0,tap_button_top_left_screen
|
0,open_creat_test-integr
0,open_creat_test-integr
|
0,open_creat_test-integr
0,open_creat_test-integr
|
0,open_creat_test-integr
0,open_creat_test-integr
|
0,open_creat_test-integr
0,open_creat_test-integr
|
0,open_creat_test-integr
0,open_creat_test-integr
|
0,open_creat_test-integr
0,open_creat_test-integr
|
0,open_creat_test-integr
0,open_creat_test-integr
|
0,open_creat_test-integr
0,open_creat_test-integr
|
0,open_creat_test-integr
0,open_creat_test-integr
|
0,open_creat_test-integr
0,open_creat_test-integr
|
0,open_creat_test-integr
0,open_creat_test-integr
|
0,open_creat_test-integr
0,open_creat_test-integr
|
0,open_creat_test-integr
0,open_creat_test-integr
|
0,open_creat_test-integr
0,open_creat_test-integr
|
0,open_creat_test-integr
0,open_creat_test-integr
|
0,go
0,clock_app
0,alarm_time_reach
0,clock_app
0,put_phone
|
0,instal
0,build_id:
|
0,take_pictur
0,notif
|
0,take_pictur
0,notif
|
0,insert_sim_card
0,open_menu
0,lock_screen
|
0,new_messag
0,messag_thread
0,scroll
|
0,creat_call
0,check_app
0,time
0,creat_call
0,swipe
0,devic_inform
|
0,open_creat_test-integr
0,open_creat_test-integr
|
0,open_creat_test-integr
0,open_creat_test-integr
|
0,open_creat_test-integr
0,open_creat_test-integr
|
0,configur_email_account
0,data_connect
0,set
0,open_browser
0,navig
|
0,go
0,set
0,devic_inform
0,check_updat
0,check_updat
0,go
0,home_screen
|
0,music_app
0,devic
0,music_app
0,go
0,view
0,music_app
0,tap_button
|
0,firefox_os
0,market_place
0,build_id:
|
0,instal
0,marketplac_app
0,adjust_automat
0,got
0,app
|
0,view_page
0,tap_icon
|
0,open_camera
0,move
0,video_app
0,video_mode
0,press_ok
0,close_app
|
0,push
0,tap_link
0,push
0,tap_link
|
0,code_adb_pull
0,code_adb_pull
|
0,open_creat_test-integr
0,dialer_app
0,tap_search_bar
|
0,tap_search_bar
0,set_menu
0,home_screen
|
0,music_app
0,music_app
0,status_bar
0,press
0,step
0,step
|
0,go
0,press
0,modifi_modifi
|
0,reboot_devic
0,tap_search_bar
0,type_url
0,view_page
0,home_screen
0,lock_screen
0,home_screen
0,lock_screen
|
0,call_log
0,mail
0,open_new_e-mail
0,tap
0,send_sms
0,new_messag
|
0,insert_sim_card
0,home_screen
|
0,go
0,open_menu
0,set
0,slide_right
0,notic
|
0,send_sms
0,dut
0,sound
|
0,modifi_languag
0,press_next
0,data_connect
|
0,option
0,modifi_modifi
0,set_screen
0,dut
0,option
0,modifi_modifi
|
0,type
0,type_edit_mode
0,receiv_phone_number
0,view
|
0,send_sms
0,dut
0,new_messag
0,send_sms
0,send_sms
0,intern_storag
0,boot_devic
|
0,send_sms
0,dut
0,dut
0,send_sms
0,dut
0,market_place
0,new_messag
|
0,set
0,slide_right
0,network_oper
|
0,open_browser
0,view_page
0,tap_link
0,view_page
0,dut
0,download_document
|
0,go
0,open_sms
0,press
0,modifi_modifi
0,set
|
0,go
0,open_calendar
0,open_calendar
0,set_open_time
0,close_call
0,open_calendar
0,go
0,open_calendar
0,press_edit_icon
0,open_calendar
|
0,open_menu_add_new_call
0,creat_call
0,open_menu_add_new_call
0,press
0,creat_call
0,market_place
0,creat_call
|
0,insert_sim_card
0,dut
0,dut
0,data_connect
0,creat_call
0,dut
0,dut
0,close_call
0,check_app
0,web_apps”_navig
|
0,mail
0,dut
0,dut
0,receiv_messag
0,send_sms
|
0,go
0,open_menu
0,open_new_e-mail
0,tap_button_top_left_screen
0,tap_set
0,configur_email_account
0,option
0,email_account
|
0,go
0,app
0,set
0,date_time
0,time
0,option
|
0,email_address
0,send_sms
|
0,turn_bluetooth
0,minut
0,set_screen
0,bt_devic
|
0,go
0,dial_number
0,type_edit_mode
0,type_pin_code
0,type_pin_code
0,set_menu
|
0,receiv_messag
0,receiv_messag
0,notif
0,press
0,new_messag
0,go
0,status_bar
0,notif
|
0,insert_sim_card
0,type_pin_code
0,insert_sim_card
0,type_pin_code
0,type_set
0,data_connect
0,data_connect
|
0,send_sms
0,receiv_phone_number
0,send_sms
0,take_pictur
0,send_sms
|
0,firefox_os
0,week_tab
0,type_address_field
0,tap_done
0,keep
|
0,export_mobil_phone_contact
0,insert_sim_card
0,insert_sim_card
0,export_mobil_phone_contact
0,insert_sim_card
0,import_contact
|
0,english
0,type_set
0,open_phone
0,turn_bluetooth
0,english
0,type_set
0,enabl_bluetooth
0,english
|
0,compos_new_messag
0,receiv_phone_number
0,step
0,display
0,icon_top_right
0,press_ok
0,receiv_phone_number
0,receiv_phone_number
0,termin_code
0,counter
0,receiv_phone_number
0,counter
0,open_phone
0,display
0,call_log
0,find_devic
0,receiv_messag
0,open_phone
|
0,firefox os
0,new_messag
0,tap_set
0,send_sms
0,video_mode
0,take_pictur
|
0,open_sms
0,messag_thread
0,send_mms
0,fast_forward_key
|
0,open_sms
0,modifi_languag
0,modifi_languag
0,view
|
0,open_sms
0,go
0,time
0,modifi_modifi
0,view
0,modifi_modifi
0,view
0,date_time
0,time
0,view
|
0,new_messag
0,set_screen
0,press_ok
0,date_time
0,press
0,date_time
|
0,open_calendar
0,gmail
0,open_calendar
|
0,open_galleri
0,modifi_modifi
0,open_galleri
0,press
0,view
0,notif
|
0,connect
0,enabl_wi-fi
0,open_camera
0,configur_email_account
0,enabl_wi-fi
0,open_browser
0,site
0,enabl_wi-fi
0,open_camera
0,view
0,enabl_wi-fi
0,go
0,set
0,enabl_wi-fi
0,enabl_wi-fi
|
0,send_sms
0,devic
0,music_app
0,music_app
|
0,open_browser
0,go
0,http
0,tap_link
0,wait
0,download_document
0,set
0,go
0,download_document
|
0,insert_sim_card
0,home_screen
0,home_screen
|
0,email_account
0,open_calendar
|
0,music_app
0,turn_bluetooth
0,fm_radio
0,creat_call
0,creat_call
0,close_call
|
0,open_first_time_experi
0,import_contact
0,status_bar
0,status_bar
0,home_screen
|
0,connect
0,close_app
0,bt_devic
0,close_app
|
0,contact_app
0,set
0,second
0,take_pictur
0,video_app
|
0,open_creat_test-integr
0,set
0,second
0,take_pictur
0,import_contact
0,modifi_modifi
0,landscap
|
0,open_creat_test-integr
0,open_menu
0,select
0,select
|
0,bug
0,scroll
0,keyboard_follow_button
|
0,open_unagi_build
0,enabl_wi-fi
0,enabl_wi-fi
0,enabl_wi-fi
0,step
|
0,open_camera
0,download_document
0,open_galleri
0,download_document
0,counter
0,attempt
0,save
|
0,connect
0,internet_share
0,creat_call
0,view
0,connect
0,got
|
0,open_sms
0,music_app
0,music_app
0,close_call
|
0,set
0,record_video
0,press
|
0,set
0,take_photo
0,record_video
0,press
|
0,set
0,new_email_account
0,put_phone
0,option
0,password
0,email_account
0,email_account
0,press_ok
0,email_account
0,new_email_account
0,press_ok
0,step
0,web_apps”_navig
0,receiv_phone_number
|
0,marketplac_app
0,icon_top_right
0,sign_test_account_credenti
0,receiv_phone_number
0,wait
0,set_menu
|
0,contact_app
0,internet_share
0,enabl_bluetooth
0,notic_wi-fi_disabl_status_bar
0,press
0,enabl_wi-fi
0,turn_wifi
|
0,contact_app
0,internet_share
0,enabl_bluetooth
0,notic_wi-fi_disabl_status_bar
0,press
0,enabl_wi-fi
0,enabl_wi-fi
0,enabl_wi-fi
0,tap_button
0,enabl_wi-fi
|
0,music_app
0,select_galleri
0,music_app
0,lock_screen
0,bt_devic
0,test_devic
0,creat_call
0,tap_icon
|
0,test_devic
0,creat_call
0,test_devic
0,creat_call
0,home_screen
0,move
0,lock_screen
|
0,adjust_automat
0,turn_bluetooth
0,confirm_dialog_display
0,enabl_bluetooth
0,view
|
0,develop
0,keyboard_follow_button
0,wait
|
0,open_sms
0,call_log
|
0,music_app
0,music_app
0,music_app
0,creat_call
0,test_devic
0,creat_call
0,creat_call
|
0,marketplac_app
0,tap_set
0,sign_test_account_credenti
0,wait
|
0,send_mms
0,sign_test_account_credenti
0,sign_test_account_credenti
|
0,email_address
0,email_account
0,email_address
0,email_address
0,email_address
0,receiv_messag
0,download_document
0,download_document
0,wait
|
0,send_mms
0,test_devic
0,open_sms
0,messag_thread
0,save
0,send_sms
0,step
0,time
0,home_screen
0,insert_sim_card
|
0,connect
0,type_url
0,compos_new_messag
0,fm_radio
0,download_document
|
0,join_hidden_network
0,join_hidden_network
|
0,contact_app
0,enabl_bluetooth
0,bt_devic
0,turn_bluetooth
0,bt_devic
|
0,fm_radio
0,firefox os
0,music_app
0,app
0,home_screen
0,view
0,fm_radio
|
0,connect
0,set
0,home_screen
0,homescreen
0,long_press
0,import_contact
|
0,connect
0,enabl_usb_storag
0,internet_share
0,enabl_usb_storag
|
0,enabl_bluetooth
0,join_hidden_network
0,connect
0,one_contact
0,connect
0,enabl_wi-fi
|
0,set_menu
0,receiv_messag
0,data_connect
0,view_page
0,set_menu
|
0,set
0,modifi_volum
0,music_app
0,modifi_volum
|
0,connect
0,bt_devic
|
0,music_app
0,record_video
0,music_app
0,find_devic
0,go
0,home_screen
0,enabl_usb_storag
0,set
0,enabl_usb_storag
0,insert_sim_card
|
0,type_pin_code
0,insert_sim_card
0,devic
|
0,open_sms
0,new_messag
0,icon_top_right
0,select_galleri
0,take_pictur
0,icon_top_right
|
0,take_pictur
0,insert_sim_card
0,open_galleri
0,wait
0,view_page
|
0,type_pin_code
0,type_pin_code
0,type_set
0,data_connect
0,data_connect
|
0,put_phone
0,type_pin_code
0,go
0,dial_number
|
0,contact_app
0,select_video
0,music_app
0,send_sms
0,test_devic
0,minut
0,camera_app
0,open_sms
|
0,test_devic
0,take_pictur
0,insert_sim_card
0,devic
0,enabl_usb_storag
0,email_address
0,icon_top_right
0,take_pictur
|
0,open_menu
0,option
0,option
0,option
0,check_app
0,dial_number
|
0,put_phone
0,go
0,open_menu
0,input_name
0,check_app
0,check_app
|
0,enabl_bluetooth
0,open_phone
0,view
0,wait
|
0,creat_call
0,open_sms
0,creat_call
|
0,curl_https
0,type_url
0,download_document
|
0,contact_app
0,display
0,modifi_wallpap
0,take_pictur
0,modifi_wallpap
0,modifi_wallpap
0,step
0,time
0,home_screen
0,open_sms
0,new_messag
0,receiv_phone_number
0,view
|
0,dialer_app
0,creat_call
0,wait
0,creat_call
0,view
|
0,type
0,option
0,go
0,second
0,press
|
0,modifi_languag
0,view
0,long_press
0,search
0,everything.m
|
0,long_press
0,select_galleri
0,import_contact
0,select
0,select_custom_one
|
0,type_set
0,open_browser
0,move
0,type_set
0,type_url
0,reboot_devic
0,open_browser
0,set
0,status_bar
|
0,modifi_languag
0,view
0,english
0,find_devic
0,curl_https
0,type
|
0,music_app
0,select_galleri
0,music_app
0,home_screen
0,put_phone
0,put_phone
|
0,music_app
0,press
0,custom_preload
|
0,email_address
0,compos_new_messag
0,download_document
0,open_galleri
0,download_document
0,status_bar
|
0,creat_call
0,creat_call
0,send_mms
|
0,open_unagi_build
0,first_time_setup_screen
0,press_next
0,tap_done
0,set_screen
0,unabl
0,set_screen
|
0,termin_code
0,send_sms
0,move_app
|
0,turn_wifi
0,turn_airplan_mode
|
0,bt_devic
0,connect
0,bt_devic
|
0,video_mode
0,bt_devic
|
0,open_sms
0,new_messag
0,icon_top_right
0,select_galleri
0,take_pictur
|
0,connect
0,connect
0,connect
0,connect
|
0,open_unagi_build
0,marketplac_app
|
0,send_sms
0,type_set
0,two
0,view
|
0,open_browser
0,icon_top_right
0,insert_sim_card
0,insert_sim_card
|
0,home_screen
0,open_menu
0,home_screen
0,home_screen
0,step
0,step
0,boot_devic
0,homescreen
0,record_video
|
0,email_address
0,new_messag
0,icon_top_right
0,download_document
0,video_app
0,send_sms
0,send_sms
0,download_document
|
0,connect
0,press_ok
0,press
0,connect
0,press_ok
0,type_pin_code
0,type_pin_code
|
0,modifi_volum
0,etc
0,creat_call
0,creat_call
|
0,bt_devic
0,music_app
0,select_galleri
0,music_app
0,creat_call
0,test_devic
0,creat_call
0,creat_call
|
0,dial_number
0,dial_number
0,termin_code
0,termin_code
0,abl
0,dial_number
|
0,firefox_os
0,turn_bluetooth
0,turn_bluetooth
0,go
0,go
0,set
0,turn_bluetooth
0,turn_bluetooth
|
0,firefox_os
0,open_sms
0,clock_app
0,find_devic
|
0,receiv_messag
0,status_bar
0,notif
|
0,firefox_os
0,open_calendar
|
0,firefox_os
0,clock_app
0,tap_done
0,alarm_time_reach
|
0,network_oper
0,termin_code
0,insert_sim_card
0,home_screen
0,display
|
0,instal
0,open_sms
0,put_phone
0,ring
0,firefox os
0,alarm_time_reach
|
0,fm_radio
0,lock_screen
0,enabl_usb_storag
0,enabl_usb_storag
0,lock_screen
|
0,modifi_languag
0,view
0,new_email_account
0,view
0,english
|
0,fm_radio
0,turn_bluetooth
0,fm_radio
|
0,select_galleri
0,insert_sim_card
0,firefox_os
0,insert_sim_card
|
0,app_video_content
0,music_app
0,video_app
0,home_screen
|
0,email_address
0,new_messag
0,send_sms
0,mail
|
0,open_menu
0,record_video
0,view_page
|
0,new_messag
0,wait
0,firefox_os
0,home_screen
0,view
|
0,open_unagi_build
0,devic
0,boot_devic
0,homescreen
0,turn_bluetooth
0,go
0,home_screen
0,minut
0,home_screen
0,wake
0,wake
0,home_screen
0,modifi_volum
|
0,market_place
0,insert_sim_card
0,slot
0,boot_devic
0,set
0,call_log
0,record_video
0,creat_call
|
0,instal_keyboard_firefox os_ui
0,go
0,homescreen
0,test_devic
0,test_devic
0,receiv_phone_number
0,keyboard_follow_button
|
0,music_app
0,week_tab
0,music_app
0,home_screen
0,music_app
0,navig
0,press_next
0,step
|
0,marketplac_app
0,search
0,instal
0,music_app
0,lock_screen
|
0,record_video
0,type_address_field
0,go
0,compos_new_messag
|
0,go
0,firefox os
0,music_app
0,move_app
0,landscap
0,check_app
|
0,go
0,open_galleri
0,record_video
0,tap_button_top_left_screen
|
0,market_place
0,contact_app
0,music_app
0,music_app
|
0,download_document
0,marketplac_app
0,music_app
|
0,enabl_bluetooth
0,open_browser
0,go
0,one_contact
|
0,close_app
0,set
0,date_time
0,date_time
0,marketplac_app
0,select
0,import_contact
|
0,enabl_usb_storag
0,go
0,b2g
0,build_id:
0,boot_devic
0,firefox_os
|
0,connect
0,go
0,build_debug=_flag
0,curl_https
0,curl_https
0,firefox_os
0,build_debug=_flag
0,build_debug=_flag
0,build_debug=_flag
|
0,new_messag
0,import_contact
0,send_mms
0,mail
0,mail
0,attempt
0,gmail
0,compos_new_messag
0,calcul_t2-t
|
0,go
0,set
0,devic_inform
0,devic_inform
0,email_address
0,keep
0,go
0,set
0,devic_inform
0,devic_inform
0,keep
0,build_debug=_flag
0,go
0,build_debug=_flag
0,move_app
0,build_debug=_flag
0,build_id:
0,go
0,set
0,devic_inform
0,devic_inform
0,email_address
|
0,go
0,music_app
0,music_app
0,video_app
0,music_app
0,home_screen
|
0,connect
0,home_screen
|
0,connect
0,home_screen
0,home_screen
0,custom_preload
0,find_devic
|
0,open_camera
0,firefox_os
0,import_contact
0,instal
0,instal
0,configur_email_account
0,instal
0,go
0,open_camera
0,firefox_os
|
0,take_photo
0,go
0,open_galleri
0,take_photo
0,open_camera
0,tap_delet
0,take_photo
|
0,bt_devic
0,connect
0,music_app
0,home_screen
|
0,build_debug=_flag
0,modifi_modifi
0,build_debug=_flag
0,build_debug=_flag
|
0,set
0,keyboard_follow_button
|
0,http
0,press
0,tap_icon
0,work_background
0,open_creat_test-integr
0,devic
|
0,type
0,take_pictur
0,tap_button_top_left_screen
0,internet_share
0,internet_share
0,email_account
0,select_galleri
|
0,set
0,data_connect
0,network_oper
0,join_hidden_network
|
0,send_sms
0,devic
0,messag_thread
0,messag_thread
|
0,open_galleri
0,landscap
0,time
|
0,clock_app
0,clock_app
0,clock_app
0,clock_app
0,go
0,edit_alarm
0,sound
|
0,minut
0,lock_screen
0,minut
|
0,enabl_bluetooth
0,go
0,set
0,join_hidden_network
0,data_connect
0,reboot_devic
|
0,devic
0,bt_devic
0,clock_app
0,week_tab
0,set
0,minut
0,press
0,minut
0,set_screen
0,leav
0,devic
0,send_mms
0,open_phone
0,devic
0,view
0,code_adb_pull
0,notif
|
0,firefox_os
0,tap_link
0,app_video_content
|
0,open_galleri
0,take_pictur
0,second
0,creat_call
|
0,flame_devic
0,buildid
0,open_galleri
0,take_pictur
0,move
0,video_mode
0,video_mode
0,move
0,type
0,step
|
0,flame_devic
0,insert_sim_card
0,turn_bluetooth
0,type_pin_code
0,set
|
0,go
0,app
0,ffos_phone
0,home_screen
0,view
|
0,type_edit_mode
0,tap
0,press
|
0,type_edit_mode
0,tap_delet
0,vertic
|
0,open_unagi_build
0,first_time_setup_screen
0,press_next
0,date_time
0,modifi_modifi
0,modifi_modifi
0,appear_cursor_field_select
0,set
0,modifi_modifi
0,modifi_modifi
0,press_ok
0,view_messag
|
0,build_debug=_flag
0,build_debug=_flag
|
0,open_unagi_build
0,first_time_setup_screen
0,press_next
0,set_screen
0,record_video
0,press_next
0,swipe
0,type
|
0,go
0,music_app
0,internet_share
0,press
|
0,build_debug=_flag
0,press
0,press
|
0,tap_search_bar
0,tap_search_bar
|
0,long_press
0,type_edit_mode
0,move_app
|
0,home_screen
0,type_edit_mode
0,tap_done
|
0,contact_app
0,insert_sim_card
0,insert_sim_card
|
0,new_messag
0,open_camera
0,take_pictur
0,select
0,new_messag
0,open_galleri
0,open_galleri
0,take_pictur
0,select
|
0,open_phone
0,send_mms
0,open_camera
0,receiv_messag
0,messag_thread
0,open_phone
0,send_mms
0,open_camera
0,receiv_messag
0,messag_thread
0,gmail
0,new_messag
|
0,go
0,open_calendar
0,tap
|
0,tap_set
0,display
0,set_screen
0,minut
0,press_ok
|
0,data_connect
0,view_page
|
0,open_browser
0,status_bar
0,type_url
|
0,import_contact
0,notic
0,press_sync_friend
0,export_mobil_phone_contact
0,tap_link
0,press_sync_friend
0,input_name
0,press_sync_friend
0,tap_link
0,go
0,open_browser
|
0,network_oper
0,type_pin_code
0,open_phone
0,find_devic
0,dut
0,receiv_messag
|
0,go
0,display
0,configur_email_account
0,new_messag
0,minut
0,open_phone
0,send_sms
0,contact_app
0,web_apps”_navig
|
0,two
0,type_set
0,press
0,press
|
0,record_video
0,english
0,go
0,build_id:
0,build_id:
0,download_document
|
0,go
0,market_place
0,english
0,tap
0,go
0,type_set
0,modifi_languag
0,go
0,english
|
0,keyboard_follow_button
0,close_app
0,go
0,home_screen
0,view
|
0,insert_sim_card
0,boot_devic
0,sim_outgo
0,call_log
0,creat_call
|
0,open_phone
0,dialer_app
0,ussd_send_success_confirm
0,display
0,send_sms
0,send_sms
|
0,open_phone
0,dialer_app
0,ussd_send_success_confirm
0,display
|
0,data_connect
0,long_press
0,import_contact
0,set_screen
|
0,put_phone
0,type_set
0,open_first_time_experi
0,set
0,receiv_phone_number
0,shown
0,push
0,set
|
0,http
0,open_phone
0,open_phone
0,enabl_bluetooth
0,code_adb_pull
0,build_debug=_flag
0,open_first_time_experi
0,set_menu
0,type_edit_mode
0,import_contact
0,push
0,push
0,devic
0,reboot_devic
0,go
0,set
0,find_devic
0,email_account
0,open_phone
0,email_account
0,email_account
|
0,tap_set
0,sound
0,select
0,alert
0,alert
0,modifi_modifi
0,view
|
0,tap_set
0,press
0,tap_delet
0,tap_delet
0,adjust_automat
0,leav
0,scroll
0,top
|
0,move
0,english
0,set
0,set
0,swipe
0,go
0,open_creat_test-integr
|
0,go
0,music_app
0,music_app
0,music_app
0,tap_icon
0,video_preview
|
0,check_app
0,open_phone
0,receiv_phone_number
0,input_code
0,check_app
|
0,data_connect
0,network_oper
0,adjust_automat
0,join_hidden_network
0,join_hidden_network
|
0,send_sms
0,contact_app
0,creat_call
0,go
0,call_log
0,open_galleri
|
0,open_phone
0,contact_app
0,set
0,import_contact
0,insert_sim_card
0,home_screen
0,set
0,put_phone
0,step
|
0,take_pictur
0,take_photo
0,tap_icon
0,etc
|
0,new_messag
0,type_pin_code
0,type_pin_code
0,press_ok
|
0,long_press
0,long_press
|
0,scroll
0,top
0,long_press
0,modifi_wallpap
0,modifi_wallpap
0,open_galleri
0,type
|
0,type_set
0,move
0,press
0,home_screen
|
0,curl_https
0,marketplac_app
0,wait
0,configur_email_account
0,lock_screen
0,marketplac_app
|
0,set
0,open_galleri
0,home_screen
0,home_screen
0,check_app
|
0,firefox os
0,slot
0,open_phone
0,type_pin_code
0,press_ok
|
0,set
0,week_tab
0,close_call
0,close_call
|
0,open_unagi_build
0,ftu
0,scroll
|
0,set_menu
0,insert_sim_card
0,open_sms
|
0,clock_app
0,ring
0,alarm_time_reach
|
0,landscap
0,marketplac_app
|
0,web_apps”_navig
0,http
0,tap_link
0,tap_link
|
0,put_phone
0,turn_bluetooth
0,type_pin_code
0,sim_outgo
|
0,build_debug=_flag
0,marketplac_app
0,swipe
0,tap_button_top_left_screen
|
0,send_sms
0,messag_thread
0,open_camera
0,go
0,messag_thread
0,messag_thread
0,music_app
0,tap_icon
|
0,new_messag
0,messag_thread
|
0,go
0,set_menu
0,view
0,press
0,bt_devic
|
0,send_sms
0,test_devic
0,status_bar
0,press
0,music_app
|
0,marketplac_app
0,open_camera
|
0,gmail
0,gmail
0,view_page
0,view_page
0,mail
|
0,set_screen
0,press_sync_friend
0,open_camera
|
0,music_app
0,scroll
0,tap_search_bar
|
0,navig
0,send_sms
0,download_document
0,view_page
0,go
0,open_browser
|
0,bugzilla_lit_websit
0,test_devic
0,press
0,music_app
0,press
0,find_devic
0,press
0,music_app
0,press
0,find_devic
|
0,sim_outgo
0,open_phone
0,lock_screen
|
0,custom_preload
0,app
0,view_page
0,home_screen
0,tap_set
0,view_page
|
0,bugzilla_lit_websit
0,test_devic
0,press
|
0,open_unagi_build
0,first_time_setup_screen
0,modifi_languag
0,press_next
0,join_hidden_network
0,swipe
0,join_hidden_network
|
0,build_debug=_flag
0,build_debug=_flag
|
0,instal
0,long_press
0,move_app
0,market_place
0,bug
0,move_app
0,tap_set
|
0,configur_email_account
0,record_video
0,devic
0,status_bar
|
0,set
0,tap_button_top_left_screen
0,icon_top_right
|
0,open_sms
0,move
0,video_mode
0,record_video
0,record_video
0,home_screen
|
0,two
0,go
0,press
0,press_next
0,press
|
0,step
0,english
0,press_next
0,firefox_os
0,ask
0,email_address
0,work_background
0,go
0,modifi_languag
0,select
0,modifi_languag
0,press_next
0,firefox_os
0,ask
0,email_address
0,wait
|
0,marketplac_app
0,download_document
0,press
0,return
0,view
0,send_sms
|
0,video_mode
0,modifi_modifi
0,landscap
0,open_phone
0,return
0,homescreen
|
0,dialer_app
0,long
|
0,music_app
0,download_document
0,contact_app
|
0,messag_thread
0,new_messag
0,messag_thread
0,send_sms
0,view
0,close_app
|
0,set
0,enabl_wi-fi
0,join_hidden_network
0,join_hidden_network
0,input_name
0,password
0,go
0,enabl_wi-fi
0,view
0,type
0,step
0,enabl_wi-fi
0,press_ok
0,join_hidden_network
|
0,tap_search_bar
0,search
0,home_screen
0,close_app
|
0,flame_devic
0,open_phone
0,open_first_time_experi
0,fm_radio
0,date_time
0,set_open_time
0,tap
|
0,build_id:
0,set
0,email_account
0,email_account
0,sign_test_account_credenti
|
0,flame_devic
0,open_phone
0,build_debug=_flag
0,contact_app
0,take_photo
0,icon_top_right
0,take_photo
|
0,tap_link
0,connect
0,tap_link
0,network_oper
|
0,open_galleri
0,go
0,video_mode
0,tap_delet
|
0,dut
0,creat_call
0,creat_call
|
0,open_sms
0,move
0,video_mode
0,record_video
0,record_video
0,home_screen
|
0,landscap
0,tap
0,go
0,view
0,tap_button_top_left_screen
|
0,web_apps”_navig
0,go
0,market_place
0,select_video
|
0,internet_share
0,confirm_dialog_display
|
0,type_url
0,market_place
0,open_unagi_build
0,open_unagi_build
0,devic
0,build_id:
0,enabl_bluetooth
0,open_camera
0,app
0,open_unagi_build
0,keep
0,curl_https
0,type_set
0,build_id:
0,new_messag
0,build_id:
0,new_messag
0,market_place
0,build_id:
|
0,view_page
0,open_galleri
0,record_video
|
0,fm_radio
0,fm_radio
0,close_call
0,send_sms
0,test_devic
0,send_sms
0,go
0,fm_radio
|
0,go
0,set
0,lock_screen
0,lock_screen
0,lock_screen
0,lock_screen
0,lock_screen
0,push
0,dial_number
|
0,build_id:
0,buildid
0,set
0,date_time
0,date_time
|
0,go
0,messag_thread
0,send_sms
0,fast_forward_key
|
0,go
0,messag_thread
0,receiv_messag
0,view_messag
0,move_app
|
0,go
0,open_galleri
0,internet_share
0,send_mms
0,app_video_content
0,new_messag
0,close_app
|
0,go
0,tap_icon
0,internet_share
0,send_mms
0,tap_delet
0,new_messag
|
0,go
0,tap_icon
0,internet_share
0,send_mms
0,tap_delet
0,new_messag
|
0,download_document
0,devic
0,music_app
0,press
0,network_oper
0,press
0,record_video
0,select_video
0,modifi_modifi
|
0,notif
0,reboot_devic
|
0,build_id:
0,buildid
0,set
0,tap_search_bar
0,send_sms
0,type_address_field
|
0,press
0,english
0,type_set
0,type
|
0,open_creat_test-integr
0,connect
0,music_app
0,music_app
0,enabl_usb_storag
0,find_devic
0,tap_button
0,music_app
|
0,build_id:
0,buildid
0,set
0,tap_search_bar
0,send_sms
0,type_address_field
|
0,press_sync_friend
0,go
0,view
0,tap_delet
0,select
0,icon_top_right
|
0,press_sync_friend
0,go
0,view
0,tap_delet
0,select
0,icon_top_right
|
0,open_unagi_build
0,open_first_time_experi
0,join_hidden_network
0,join_hidden_network
0,password
0,tap_button
0,unabl
0,set
|
0,email_address
0,configur_email_account
0,mail
|
0,web_apps”_navig
0,go
0,curl_https
0,open_sms
|
0,boot_devic
0,open_menu
0,ap
0,password
0,turn_wifi
0,go
|
0,tap_link
0,connect
0,step
0,reboot_devic
|
0,go
0,modifi_languag
0,modifi_languag
0,press_ok
0,press
|
0,open_galleri
0,press
0,press
0,contact_app
0,option
0,take_pictur
0,home_screen
0,open_galleri
0,open_galleri
0,scroll
0,confirm_dialog_display
0,view
|
0,open_browser
0,type
0,type
0,view_page
0,import_contact
0,home_screen
|
0,marketplac_app
0,home_screen
0,step
0,firefox os
0,home_screen
0,home_screen
0,home_screen
0,press
0,view
|
0,press
0,go
0,lock_screen
0,lock_screen
0,lock_screen
0,lock_screen
0,confirm_dialog_display
0,email_account
0,turn_bluetooth
0,lock_screen
0,option
|
0,go
0,set
0,modifi_languag
0,open_menu
0,modifi_languag
0,press_ok
0,home_screen
0,english
|
0,messag_thread
0,new_messag
0,messag_thread
0,receiv_messag
0,display
0,fast_forward_key
|
0,dialer_app
0,dialer_app
|
0,set
0,home_screen
|
0,go
0,contact_app
0,go
0,contact_app
|
0,new_messag
0,open_camera
0,video_mode
0,video_app
0,record_video
0,music_app
0,home_screen
0,move_app
0,close_call
0,turn_bluetooth
0,turn_bluetooth
|
0,build_debug=_flag
0,first_time_setup_screen
0,long_press
|
0,open_unagi_build
0,open_first_time_experi
0,press_next
0,import_contact
0,insert_sim_card
|
0,open_phone
0,press
0,contact_app
0,set_screen
0,tap_done
0,dialer_app
|
0,home_screen
0,go
0,set
0,modifi_languag
0,go
0,open_galleri
|
0,music_app
0,music_app
0,connect
|
0,tap_set
0,intern_storag
0,intern_storag
0,intern_storag
0,display
0,insert_sim_card
0,intern_storag
|
0,open_browser
0,wait
0,view_page
|
0,custom_preload
0,video_app
0,insert_sim_card
0,open_sms
|
0,music_app
0,download_document
0,send_sms
0,flame_devic
0,flame_devic
|
0,press_sync_friend
0,tap_set
0,import_contact
0,open_browser
0,take_pictur
0,take_photo
|
0,turn_bluetooth
0,tap_button_top_left_screen
|
0,b2g
0,build_debug=_flag
0,open_menu
0,develop
0,enabl_usb_storag
0,check_updat
|
0,receiv_messag
0,creat_call
0,bt_devic
0,import_contact
0,import_contact
0,creat_call
