0,open_seamonkey
0,websit
0,open
|
0,go
0,menu
0,night_build
|
0,visit_http
0,seamonkey_crash
|
0,visit_http
0,seamonkey_crash
|
0,open_seamonkey
0,open_mail
0,type_name
0,submit
|
0,go
0,get
|
0,configur
0,creat
0,problem
|
0,secondari_monitor
0,secondari_monitor
0,press_logo_left_top_corner
0,firebird
0,secondari_monitor
0,hover_mous
0,move_mous
0,press_logo_left_top_corner
0,repeat_step
0,view_text_new
0,select_properti
0,proxi_authentif_box
0,press_logo_left_top_corner
|
0,firebird
0,open_seamonkey
0,address_bar
0,press_type
|
0,download
0,instal_seamonkey
0,open_seamonkey
|
0,html_document
0,open
0,valu_modifi
0,field
|
0,go
0,go_http
0,login
0,logout
|
0,type_url
0,press_type
|
0,go
0,http
0,download
0,download
0,open
|
0,night_build
0,access_url
0,access_url
|
0,get
0,open
0,address_bar
0,autocomplet
|
0,visit_http
0,visit_http
|
0,view_mess_toolbar_seamonkey
0,press
0,view_mess_toolbar_seamonkey
0,view
|
0,open_seamonkey
0,open_page
0,save_imag
0,problem
|
0,load_page
0,resiz
|
0,open
0,secondari_monitor
0,press_type
0,secondari_monitor
|
0,navig
0,open_web_page
0,bookmark
0,histori_open
|
0,open_seamonkey
0,go
0,open_page
0,content
0,resiz
|
0,load_page
0,press_link
0,date
0,problem
|
0,anoth_profil
0,point_seamonkey
0,prefer
0,one_tab
0,resiz
|
0,http
0,press
0,press
|
0,open
0,address_bar
0,past_url
0,press_type
|
0,list
0,scroll
0,press_menu_item_top
0,list
0,back_button
0,delet
|
0,go
0,www.twinbook.com/ebook/service/fontuser1.asp
0,forum
0,get
0,press_download_font
0,java_applet
0,java_applet
|
0,go
0,www.twinbook.com/ebook/service/fontuser1.asp
0,forum
0,get
0,press_download_font
0,java_applet
0,java_applet
|
0,go
0,press_home_button
0,press_inform
0,open_seamonkey
|
0,go
0,http
0,type_url
0,scroll
|
0,press_type
0,view_crash
|
0,ls_bookmarks.html
0,ls_bookmarks.html
0,ls_bookmarks.html
0,open_seamonkey
0,close_seamonkey
0,ls_bookmarks.html
|
0,open
0,navig
0,open_web_page
0,go
0,press_home_button
|
0,configur
0,wait
0,finish
0,scroll
0,bottom
|
0,go
0,http
0,http
0,press_seamonkey_icon
|
0,netscap
0,download
0,instal_seamonkey
0,press_ok
0,netscap
0,press_ok
0,netscap
0,page_complet
0,open_seamonkey
|
0,open_web_page
0,drag
0,resiz
|
0,visit_http
0,press_menu_item_top
|
0,load_page
0,press_compos
0,open_web_page
0,press_compos
0,updat
|
0,instal_seamonkey
0,instal_seamonkey
0,tri
0,open_seamonkey
0,seamonkey_crash
|
0,http
0,wait
0,get_soon_error_without_anyth
|
0,open_page
0,press_left_side
|
0,close
0,ebay
0,press_product
0,save_imag
|
0,open_page
0,press_search
|
0,bring_seamonkey
0,internet
0,connect
0,press_link
0,save_imag
|
0,http
0,view
0,open_web_page
|
0,log_yahoo
0,password
0,password
0,noth_happen
|
0,need
0,problem
0,websit
|
0,press_either_music
0,move_mous
0,open
0,move_mous
0,list
0,attempt
0,open
|
0,open_seamonkey
0,visit_http
0,pictur
0,noth_happen
|
0,go
0,https
0,login
|
0,applic
0,select
0,open
0,messag_url_shown
|
0,open_seamonkey
0,visit_http
0,seamonkey_crash
|
0,go
0,http
0,menu
0,select
0,creat
0,menu
0,etc
0,leav_seamonkey
|
0,bottom
|
0,open_seamonkey
0,press_type
0,applic
|
0,firebird
0,open_seamonkey
|
0,go
0,http
0,load_page
|
0,go_http
0,password
0,press_compos
0,internet
|
0,log_yahoo
0,open_anoth
0,save_webpag
0,brows
0,point_seamonkey
0,press_reload
|
0,open
0,open_seamonkey
0,open
0,delet
0,open
0,open_seamonkey
0,open
|
0,http
0,seamonkey_crash
0,open
|
0,open_seamonkey
0,close_seamonkey
0,open_seamonkey
|
0,visit_http
0,go
0,download
|
0,press_post
0,press_drop_menu
0,address_bar
|
0,go
0,login
0,view
0,noth_happen
|
0,open
0,visit_http
|
0,go
0,http
0,second_screen
0,take_view
|
0,go
0,press_logo_left_top_corner
0,select_one
0,press
|
0,download
0,applic
0,open_seamonkey
|
0,login
0,password
0,noth_happen
|
0,password
0,password
0,login
0,press_reload
|
0,go
0,save_webpag
0,tool_menu
0,delet
0,bookmark
0,arrow
|
0,instal_seamonkey
0,open
0,updat
0,open_web_page
0,press_link
|
0,mail_default_mail_applic
0,wait
|
0,load_page
0,seamonkey_crash
|
0,flash_plugin
0,http
0,flash_plugin
|
0,instal_seamonkey
0,press_either_music
0,zip
0,page_complet
0,instal_seamonkey
0,reboot_comput
0,open_sever_tab
|
0,fill_form
0,press_type
|
0,fill_form
0,press_type
|
0,login
0,log_yahoo
0,open_mail
0,problem
|
0,go
0,http
0,go
0,http
|
0,open_web_page
0,open
0,one_tab
|
0,open
0,go
0,http
|
0,night_build
0,connect
0,internet
0,netscap
0,night_build
0,way
|
0,address_bar
0,address_bar
0,address_bar
|
0,go
0,http
0,open_css_style
0,open_css_style
0,scroll
0,open_page
|
0,go
0,https
0,account
|
0,press_find
0,open_css_style
0,page_complet
0,save_imag
0,open_css_style
|
0,open_seamonkey
0,type_text
0,menu_type_url
0,point_seamonkey
0,reboot_comput
|
0,moz
0,close
0,open_mani
0,alt-f
0,open
0,press_post
0,resiz
|
0,http
0,download
|
0,address_bar
0,press_type
|
0,open
0,open_seamonkey
0,navig
0,http
|
0,open_web_page
0,drag_cursor_text
|
0,go
0,titl_text
|
0,websit
0,pictur
0,save_imag
|
0,open_mail
0,go
0,messag_filter
0,press_save
0,get
0,messag_filter
0,press_drop_menu
0,open
0,address_bar
0,press_add
0,press_ok
0,back_button
0,messag_filter
0,open
|
0,access_url
0,high_detail
|
0,got
0,http
0,scroll
|
0,https
0,address_bar
0,go
|
0,brows
0,press_link
0,press
|
0,view
0,save_imag
0,view
|
0,open_seamonkey
0,view_mess_toolbar_seamonkey
|
0,go_http
0,boom
|
0,log
0,http
0,first_tab
|
0,privaci_secur
0,wake
0,open_web_page
|
0,go
0,open_page
0,modifi
0,press_add
0,modifi
0,type_url
|
0,open_page
0,way
0,copy/past_test_text
0,popup_window
0,press_save
0,type_url
0,select_state
0,press_search
0,select_state
0,press_ok
0,netscap
0,page_ie
0,new_messag
|
0,page_setup
0,secondari_monitor
0,move_mous
0,menu
|
0,select_directori
0,select_directori
0,etc
0,way
|
0,address_bar
0,wait
0,seamonkey_freez
|
0,open
0,brows
0,open_sever_tab
|
0,messag_url_shown
0,press_seamonkey_icon
0,press_url_entri
0,activ
0,popup_window
0,problem
|
0,bring_seamonkey
0,address_bar
0,access_url
0,seamonkey_crash
|
0,print_preview
0,attempt
0,seamonkey_crash
0,reboot_comput
0,get
0,work
|
0,view
0,put
0,press_link
0,get
0,select_properti
0,select_properti
0,select
0,expand
|
0,download
0,execut_seamonkey
0,execut_seamonkey
|
0,open_page
0,one_menus
0,press_link
|
0,config
0,print_preview
0,open
|
0,secondari_monitor
0,go
0,http
0,move_mous
|
0,secondari_monitor
0,press_type
|
0,open
0,prefer
0,modifi
0,view
0,open
0,attempt
0,open
|
0,zip
0,open
0,boom
|
0,open_seamonkey
0,press
0,password
0,error_messag
|
0,http
0,press
0,seamonkey_crash
|
0,open_seamonkey
0,open_sever_tab
0,open
|
0,press_testcas
0,move_mous
0,popup_window
|
0,log
0,menu
|
0,go
0,websit
0,seamonkey_freez
|
0,visit_http
0,scroll
0,view
|
0,move_mous
0,set_display
0,move_mous
0,menu
0,press_link
|
0,open
0,press_ok
0,noth_happen
|
0,seamonkey_window
0,execut_seamonkey
|
0,http
0,doubl_press
0,charact_one
|
0,open_css_style
0,open_css_style
0,menu
|
0,go
0,press_url_entri
0,address_bar
0,copi
0,select
0,edit_prefer
0,open_anoth
|
0,type_url
0,arrow
0,press_search
|
0,address_bar
0,press_type
|
0,moz
0,instal_seamonkey
0,configur
0,move_back
0,log
0,account
0,open_seamonkey
0,seamonkey_crash
0,wait
0,get_soon_error_without_anyth
|
0,visit_http
0,play
|
0,gcc
0,copi
0,ebuild
0,gcc
0,download
0,ebuild
0,repeat_step
|
0,open
0,close
|
0,edit_prefer
0,press_find
|
0,go
0,attempt
0,log
0,password
|
0,go
0,load_page
0,press_seamonkey_icon
0,open_page
0,seamonkey_freez
|
0,go
0,open
0,press_link
0,press
0,press_ok
0,press_link
0,open_anoth
|
0,open
0,load_page
|
0,https
0,press_type
|
0,open
0,close
|
0,visit_http
0,hang
|
0,go
0,websit
0,visit_site
0,web_site
0,instal_seamonkey
|
0,open
0,type_url
0,open
|
0,go
0,www.google.com
0,without
0,press_search
|
0,open_seamonkey
0,open_mani
0,keep_press
0,search_result
0,take_view
|
0,log
0,set_display
0,check
0,noth_happen
|
0,tool_menu
0,time
|
0,press_find
0,titl_text
0,place_window_primari_display
0,work
0,place_window_primari_display
0,work
|
0,navig
0,http
0,select_one
0,play
|
0,http
0,request
0,open
0,etc
0,go
0,destin
0,http
0,request
0,work
|
0,open
0,view
|
0,menu_type_url
0,put_web
0,brows
0,open
0,problem
0,still
0,header_footer
0,set_display
|
0,address_bar
0,press_type
|
0,open_seamonkey
0,close
|
0,press_find
0,connect
0,open
0,open
0,view
|
0,bookmark
0,open
0,doubl_press
0,open_seamonkey
0,press_home_button
|
0,brows
0,http
0,disabl_firebug
|
0,noth_happen
0,video
|
0,press_reload
0,press_type
0,press_type
0,press_type
0,work
|
0,tool_menu
0,tool_menu
|
0,go
0,uri
0,bottom
|
0,main_page
0,press_articl
0,hang
|
0,queri_result_tabl_present
0,select
0,print_preview
|
0,one_tab
0,titl_text
0,still
0,open
0,http
0,still
|
0,open
0,move_mous
0,open
0,first_tab
|
0,press
0,histori_open
0,header_footer
0,press_ok
|
0,open
0,first_tab
0,connect
0,blank_page
0,brows
0,move_back
0,first_tab
0,blank_page
|
0,press_link
0,open_page
0,save_imag
|
0,press_link
0,http
0,open_local_document
0,open_local_document
|
0,access_url
0,attempt
0,scroll
0,bottom
|
0,download_document_long
0,leav_seamonkey
0,open
0,one_menus
0,go
|
0,cd
0,ctrl_press
0,go
0,document_upload
0,open
0,seamonkey_crash
|
0,type_url
0,go
0,http
|
0,go
0,http
0,list
0,appear
0,titl_text
|
0,googl
0,googl
|
0,open_seamonkey
0,press_type
0,open_page
0,press_home_button
0,press_tab
|
0,go
0,http
0,pictur
0,pop-up_window_open
|
0,internet
0,open_mail
0,open_mail
|
0,go
0,pictur
0,note_strang
0,resiz
0,squar
|
0,go
0,exampl
0,i.e
0,repli
0,ask
0,resiz
0,way
0,repli
|
0,need
0,fayt_set
0,popup_window
0,open
0,need
0,open
|
0,secondari_monitor
0,open_seamonkey
0,secondari_monitor
0,move_mous
0,secondari_monitor
0,one_menus
0,address_bar
|
0,menu
0,open
0,attempt
0,doubl_press
0,view_crash
0,drag
0,press_logo_left_top_corner
0,move_cursor
0,press
0,menu
0,open
0,header_footer
|
0,visit_http
|
0,go
0,http
0,press_logo_left_top_corner
|
0,address_bar
0,press_type
0,press_drop_menu
0,press_drop_menu
0,list
|
0,log
0,open_e-mail
0,open_e-mail
0,open
|
0,open_seamonkey
0,seamonkey_maxim
0,press_type
0,go
0,fullscreen_mode
0,press_type
0,return
0,fullscreen_mode
|
0,go
0,open_web_page
0,log
|
0,get_soon_error_without_anyth
0,list
0,open_seamonkey
0,back_button
|
0,press_save
0,fill_form
0,submit
|
0,modifi
0,press_reload
|
0,http
0,type_url
0,address_bar
0,exampl
0,return
0,print_preview
|
0,document
0,menu
|
0,open
0,close
0,system
0,wake
0,time
0,wake
0,open_seamonkey
|
0,page_long_enough
0,scroll
0,middl_mous_button
0,move_mous
0,vertic_scrollbar
0,move_mous
0,keep_press
0,vertic_scrollbar
0,keep_mous_button_press
0,move_mous
0,keep_mous_button_press
0,move_mous
|
0,open
0,point_seamonkey
0,https
|
0,go
0,exampl
0,ctrl_press
0,ctrl_press
0,bring_seamonkey
0,fullscreen_mode
0,increas_size
|
0,http
0,etc
0,open
0,http
|
0,server
0,navig
0,navig
|
0,form
0,execut_seamonkey
0,press_ok
0,forum
0,search_result
0,open
|
0,go
0,http
0,play
0,press_home_button
|
0,visit_http
0,press_save
|
0,select
0,navig
0,open
0,open
0,open
|
0,open
0,type_url
0,press_type
0,go
|
0,press_link
0,save_imag
0,type_url
0,save_imag
0,add-on_manag
0,list
0,delet
|
0,open_seamonkey
0,system
0,open_seamonkey
|
0,go
0,http
0,press_map
0,press_logo_left_top_corner
0,field
0,press_search
|
0,go
0,http
0,instal_extens
0,open_mous_wheel
|
0,go
0,open_web_page
0,press_news
0,press_news
0,group_document_section
|
0,java
0,system
0,open_seamonkey
0,address_book
0,address_bar
0,open_e-mail
0,open
0,repeat_step
|
0,open_seamonkey
0,open_seamonkey
0,work
0,finish
|
0,instal_seamonkey
0,open_seamonkey
|
0,document
0,replac_url_caus
0,open_page
0,load_page
0,time
|
0,go
0,move_mous
0,press_drop_menu
0,noth_happen
|
0,fayt_set
0,fayt_set
0,press_link
0,past_url
0,take_view
|
0,go
0,open_page
|
0,brows
0,privaci_secur
0,highlight_text
0,open
0,moz
|
0,go
0,password
0,password
0,sign
|
0,acronym_tag
0,web_site
0,acronym_tag
0,web_site
0,acronym_tag
0,web_site
0,acronym_tag
|
0,visit_http
0,wait
|
0,test_case
0,open_mous_wheel
|
0,go
0,configur
0,press_option
0,open
|
0,open
0,open
0,go
0,http
0,modifi
0,view_text_new
|
0,open
0,http
|
0,open
0,differ_ms_outlook
0,view
|
0,account
0,login
0,account
0,logout
0,open_page
0,login
0,login
|
0,type_url
0,press_type
0,type_url
0,press_type
0,creat
|
0,type_url
0,highlight_text
0,press_tab
0,press_type
|
0,view
0,save_imag
|
0,go
0,internet
0,enabl_popup
0,download
0,download
0,press
0,noth_happen
|
0,visit_http
0,open
0,press_articl
0,follow_link
|
0,go
0,wait
|
0,page_long_enough
0,scroll
0,bottom
0,charact_set
|
0,open_seamonkey
0,type_url
|
0,instal_seamonkey
0,open_seamonkey
|
0,save_webpag
0,focus_focus
0,back_button
|
0,open_page
0,select_state
0,select_state
0,select_state
|
0,instal_extens
0,bug_appear
0,seamonkey_crash
0,netscap
|
0,test_case
0,java
0,i.e
|
0,press_news
0,save_imag
0,doubl_press
|
0,secondari_monitor
0,enabl_popup
0,move_mous
0,secondari_monitor
0,go
0,menu_type_url
|
0,go
0,http
0,wait
0,load_page
0,play
0,address_bar
|
0,put
0,press_drop_menu
0,vertic_scrollbar
|
0,go
0,http
0,press_logo_left_top_corner
|
0,hover_mous
0,move_cursor
|
0,visit_http
0,type_name
0,password
0,modifi
0,sign
0,group_document_section
|
0,visit_http
0,seamonkey_freez
0,open
0,close
|
0,press_home_button
0,error_box_page
0,access_url
|
0,leav_seamonkey
0,press_type
0,go
0,go
0,text_input_field
0,next_page
0,next_page
0,open
0,open
0,arrow
0,press
0,date
0,press
0,return
0,view_crash
|
0,view
0,press_either_music
0,configur
|
0,go
0,press
0,wait
|
0,get
0,open
0,instal_seamonkey
0,instal_seamonkey
0,brows
0,problem
|
0,prefer
0,modifi
0,modifi
0,ask
0,press_ok
0,close_seamonkey
0,etc
0,open_seamonkey
|
0,open_web_page
0,type_url
|
0,go
0,websit
0,move_mous
|
0,firebird
0,go
0,http
0,login
|
0,enabl_popup
0,open
|
0,html_document
0,put_web
0,point_seamonkey
0,download
|
0,open
0,scroll
0,close
0,delet
0,none
|
0,got
0,http
0,login
|
0,open
0,went
0,open
0,access_url
0,view
0,open
|
0,go
0,download
0,press_link
0,save_imag
|
0,access_url
0,note_strang
0,bottom
0,press_financ
0,url_given
0,press_link
|
0,http
0,creat_email
0,add-on_manag
0,anoth_profil
|
0,visit_http
0,seamonkey_crash
|
0,go
0,http
0,view_crash
|
0,go
0,password
0,creat_email
0,open_web_page
|
0,system
0,system
0,file/print
0,secondari_monitor
0,desktop
0,second_screen
0,desktop
0,set_display
0,drag
0,move_mous
|
0,go
0,url_given
0,seamonkey_crash
|
0,way
0,open
|
0,address_bar
0,press_type
|
0,point_seamonkey
0,open_web_page
0,open
0,page_complet
0,move_back
0,repeat_step
0,load_page
0,load_page
0,attempt
|
0,open_seamonkey
0,bring_seamonkey
0,anoth_profil
0,seamonkey_crash
|
0,follow_link
0,type_name
|
0,open_web_page
0,press_map
0,popup_window
0,popup_window
|
0,go
0,http
0,appear
0,ask
0,noth_happen
|
0,brows
0,close_instanc
0,mapquest
0,move_cursor
0,open_sever_tab
|
0,open
0,move_mous
0,set_display
0,save_webpag
0,open
0,press_drop_menu
0,set_display
|
0,download
0,download
0,disk
0,open
0,need
0,first_tab
|
0,need
0,type_name
|
0,html_document
0,put
0,put
0,line
|
0,open_web_page
0,http
0,titl_text
0,titl_text
0,back_button
0,titl_text
|
0,page_setup
0,program
|
0,open_local_document
0,open_local_document
|
0,bring_seamonkey
0,menu
0,press_logo_left_top_corner
|
0,open
0,close
0,websit
0,type_url
0,address_bar
0,press_type
|
0,select_directori
0,open_seamonkey
0,anoth_profil
|
0,http
0,log
0,get
0,ibm
0,type_url
0,return
0,press_type
0,java
0,line
0,move_cursor
0,go
0,line
0,document_upload
|
0,login
0,log_yahoo
0,inbox
|
0,document_upload
0,submit
0,press_type
0,problem
|
0,go
0,http
0,press_reload
0,type_url
|
0,address_bar
0,return
0,seamonkey_crash
0,wait_minut
|
0,open
0,press
0,page_setup
|
0,go
0,open_web_page
0,press_button
|
0,open
0,press_find
0,modifi
0,type_text
0,test_case
0,modifi
0,attempt
0,open_seamonkey
|
0,open
0,address_bar
0,type_url
0,noth_happen
|
0,go
0,open_page
0,hover_mous_thread
0,press_compos
0,etc
|
0,press_drop_menu
0,press_type
0,open
0,press_type
0,press_compos
0,press_compos
|
0,open
0,status_bar
0,open_page
0,seamonkey_crash
0,type_url
|
0,open_seamonkey
0,go
0,list
0,header_footer
0,seamonkey_crash
|
0,open_seamonkey
0,open_seamonkey
|
0,account
0,press_send
0,work
0,seamonkey_open_correct
0,save_imag
0,disk
0,open
0,type_text
|
0,instal_seamonkey
0,leav_seamonkey
0,open_web_page
0,attempt
0,back_button
|
0,address_bar
0,press_type
0,address_bar
0,press_type
|
0,wait_minut
0,fill_form
0,press_download_font
0,ask
0,seamonkey_crash
0,press_inform
|
0,etc
0,noth_happen
0,burn
0,tri
0,instal_seamonkey
|
0,press_compos
0,open
0,press_compos
|
0,menu_type_url
0,open_seamonkey
0,web_site
0,open
0,netscap
0,minim_button
0,program
0,web_site
0,focus_focus
0,open
0,program
0,web_site
0,focus_focus
|
0,go
0,open_page
0,press
|
0,go
0,press_link
0,press_page_site
0,press
0,get
0,open_seamonkey
0,noth_happen
0,still
|
0,go_http
0,save_imag
0,go_http
0,press_find
0,page_complet
|
0,http
0,point_seamonkey
0,press_map
|
0,night_build
0,open
0,go
0,www.hlj.com
|
0,night_build
0,open
0,go
0,www.hlj.com
|
0,load_page
0,load_page
0,menu
|
0,system
0,etc
0,second_screen
0,etc
0,get
|
0,visit_http
0,press_left_side
|
0,open
0,open_seamonkey
|
0,put
0,open_seamonkey
|
0,go
0,go_http
0,privaci_secur
0,privaci_secur
|
0,internet
0,open
0,open_web_page
0,internet
|
0,menu
0,instal_extens
0,instal_extens
0,download
0,disk
|
0,press_link
0,group_document_section
0,open
0,elfa:
|
0,go
0,http
0,press_window_client_box
0,download
|
0,go
0,http
0,press_link
0,request
0,press_type
|
0,enabl_popup
0,popup_window
|
0,go
0,http
0,login
0,press_link
0,open_web_page
|
0,night_build
0,problem
0,work
|
0,go
0,http
0,move_mous
|
0,text_input_field
0,without
0,middl_mous_button
|
0,take_view
0,one_tab
0,notic
0,open_page
0,back_button
|
0,go_http
0,wait
|
0,order
0,press_button
0,open_seamonkey
0,still
|
0,open_css_style
0,http
0,wait
|
0,field
0,type_text
0,press_type
|
0,open
0,note_strang
0,type_url_doesnt_matter
|
0,highlight_text
0,move_back
0,fullscreen_mode
0,press_link
0,past_url
0,view
|
0,go
0,http
0,messag_url_shown
0,press_link
0,press_area
0,wait
0,still
0,select_properti
|
0,folder
0,double-click
0,press_seamonkey_icon
0,hyperlink
|
0,open_seamonkey
0,help_menu
0,help_menu
|
0,http
0,follow_link
0,accept_cert
|
0,visit_http
0,seamonkey_crash
0,burn
|
0,connect
0,boot_comput
0,config
0,open
0,drag
0,open
0,help_menu
0,menu
|
0,go
0,menu
0,system
0,fayt_set
0,firebird
0,open_seamonkey
0,navig
0,open_page
0,view_crash
0,leav_seamonkey
0,comput
0,comput
0,go
0,move_mous
0,press
0,ctrl_press
0,view_crash
0,open
0,bookmark
0,seamonkey_open_correct
|
0,type_url
0,video
0,popup_window
0,video
|
0,add-on_manag
0,press_url_entri
0,ctrl_press
0,resiz
0,press_type
0,add-on_manag
|
0,go
0,nytimes.com
0,press_link
|
0,go
0,mail_default_mail_applic
0,press_graphic
0,noth_happen
0,go
0,open
|
0,load_page
0,sm
0,appear
0,move_mous
0,list
0,select_state
0,list
|
0,enabl_popup
0,appear
0,fayt_set
0,select
0,open_mous_wheel
0,scroll
|
0,night_build
0,open_seamonkey
0,hang
|
0,html_document
0,open_web_page
0,valu_modifi
|
0,delet
0,cd
0,open_seamonkey
|
0,http
0,popup_window
0,firebird
|
0,go
0,http
0,order
0,fill_form
0,pop-up_window_open
0,open
0,press_url_entri
|
0,go
0,http
0,open
0,move_cursor
|
0,place_cursor_top
0,wait
|
0,list
0,move_mous
0,list
0,open_keyboard
|
0,log_yahoo
0,group_document_section
0,press_link
0,save_imag
|
0,go
0,open_web_page
0,hover_mous
0,profit
|
0,navig
0,http
0,focus_focus
0,open_e-mail
0,press_tab
|
0,open_seamonkey
0,press_home_button
0,press_search
|
0,open_page
0,press_link
0,move_mous
0,press_tab
0,press_link
0,move_mous
|
0,high_detail
0,text_input_field
0,open
|
0,go
0,http
0,press_financ
0,focus_focus
0,exampl
|
0,go
0,squar
0,press_seamonkey_icon
0,one_tab
|
0,rich_text
0,address_bar
|
0,open
0,go_http
0,real_dont
|
0,go
0,http
0,seamonkey_crash
|
0,open_firefox
0,submit
|
0,field
0,select_one
0,address_bar
|
0,open_web_page
0,page_info
0,press_tab
|
0,pictur
0,download
0,right_press
0,wait
|
0,web_site
0,web_site
0,web_site
|
0,bring_seamonkey
0,access_url
0,seamonkey_crash
|
0,go
0,popup_window
0,bug_appear
0,test_case
|
0,copi
0,past_url
0,search_result
|
0,http
0,press_type
0,type_url
0,press_type
|
0,go
0,http
0,press_link
0,save_imag
0,fayt_set
0,select
0,press_save
0,http
0,press_link
0,save_imag
0,leav_seamonkey
0,press_save
|
0,go
0,http
0,resiz
0,view_scrollbar
|
0,press_articl
0,back_button
0,press_articl
0,press_ok
|
0,pop-up_window_open
0,pop-up_window_open
0,pop-up_window_open
|
0,new_messag
0,forum
0,menu_type_url
|
0,go
0,forum
0,log
0,return
0,log
0,press_graphic
0,seamonkey_window
0,press_graphic
|
0,go
0,press
0,press_left_side
0,seamonkey_crash
0,open_seamonkey
0,lock
|
0,http
0,press_link
|
0,copi
0,cd
0,anoth_profil
0,move_mous
0,open_pc
0,anoth_profil
|
0,mail_default_mail_applic
0,creat
0,attempt
0,open_seamonkey
|
0,open
0,open_javascript_consol
0,go
0,open
|
0,type_name
0,type_name
0,press
0,set_display
|
0,go_http
0,type_name
0,open_mail
0,set_display
|
0,open_mous_wheel
0,view
0,middl_mous_button
|
0,go
0,http
0,http
0,got
|
0,open
0,log_yahoo
0,press_send
0,select
0,press_seamonkey_icon
0,press
0,expand
0,open
|
0,follow_link
0,titl_text
0,press_left_side
|
0,follow_link
0,titl_text
0,press_left_side
|
0,http
0,press_search
0,select_state
0,press_ctl+
|
0,night_build
0,open_seamonkey
|
0,go
0,test_case
0,copy/past_test_text
0,scroll
0,press_reload
0,open
0,copy/past_test_text
0,problem
|
0,go
0,url_given
0,press_link
|
0,go
0,open
0,open_mail
0,open_mail
0,open
0,open
0,account
0,account
0,next_page
0,follow_link
0,next_page
|
0,press_find
0,move_cursor
0,open_keyboard
0,move_mous
0,move_cursor
|
0,edit_form_field
0,press
0,move_cursor
0,select
0,move_mous
0,way
|
0,take_view
0,move_mous
0,wait
0,wait
0,wait
|
0,download
0,instal_seamonkey
0,moz
|
0,account
0,accept_cert
|
0,popup_window
0,visit_http
0,visit_http
|
0,open_seamonkey
0,profil_dialog
|
0,open_seamonkey
0,download
0,bookmark
0,seamonkey_crash
|
0,sign
0,account
0,play
0,visit_http
0,page_long_enough
0,forum
|
0,open_web_page
0,drag
0,desktop
0,html_document
|
0,load_page
0,http
|
0,night_build
0,open_pc
0,instal_seamonkey
0,page_setup
0,instal_seamonkey
0,clear_cach
0,etc
|
0,server
0,visit_http
0,open
|
0,open_seamonkey
0,go
0,vertic_scrollbar
0,appear
0,drag
0,press_save
0,etc
|
0,log_yahoo
0,charact_one
0,follow_link
0,next_page
|
0,go
0,http
0,scroll
0,java_applet
0,scroll
0,leav_seamonkey
0,open_page
0,open
0,java_applet
0,open
|
0,go
0,account
0,press_option
|
0,open_command
0,add-on_manag
0,visit_http
0,keep_seamonkey_memori
|
0,config
0,http
|
0,http
0,scroll
|
0,go
0,press_search
|
0,navig
0,http
0,seamonkey_crash
|
0,program
0,go_http
0,type_text
0,press_number
0,press_logo_left_top_corner
0,program
0,take_view
|
0,boot_comput
0,connect
0,open_mani
|
0,address_book
0,place_third_item
0,place_third_item
|
0,http
0,download
0,clue_perhap_issu
|
0,go
0,http
0,press_link
0,load_page
|
0,open
0,view
|
0,press_send
0,select_text
0,arrow-head
0,press_link
0,download
0,etc
0,load_page
|
0,http
0,view
0,select
|
0,load_page
0,move_mous
|
0,forum
0,open
0,highlight_text
0,boot_comput
0,press
|
0,select
0,open
0,past_url
|
0,moz
0,firebird
0,address_bar
0,scroll
0,background_graphic
0,press
0,press_graphic
|
0,http
0,press_link
0,ask
0,open
|
0,go
0,http
0,view
0,java_applet
0,notic
|
0,http
0,press_page_site
0,boom
0,open
|
0,secondari_monitor
0,press_ctl+
0,search_result
|
0,open_firefox
0,navig
0,press_type
|
0,go_http
0,set_display
0,wait
0,seamonkey_crash
|
0,background_color_web_page
0,background_color_web_page
0,open_mail
0,address_book
|
0,form
0,press
0,copy/past_test_text
0,press
0,press_button
|
0,flash_plugin
0,flash_plugin
0,help_menu
0,flash_plugin
|
0,go
0,press
0,privaci_secur
0,move_mous
0,press_link
0,press_tab
0,appear
0,open
0,open
|
0,instal_seamonkey
0,later
0,go
0,system
0,problem
|
0,go
0,http
0,seamonkey_crash
|
0,go
0,http
0,seamonkey_crash
|
0,prefer
0,open
0,order
0,access_url
0,back_button
0,normal
|
0,go
0,pictur
0,view_mess_toolbar_seamonkey
0,hidden
0,navig
0,view_mess_toolbar_seamonkey
0,header_footer
|
0,download
0,popup_window
0,seamonkey_crash
0,connect
|
0,wait
0,set_display
0,etc
0,vertic_scrollbar
|
0,type_name
0,press_find
0,right-click_imag
0,select_one
0,brows
0,type_name
|
0,creat_email
0,press_send
|
0,internet
0,select_one
0,open_firefox
0,open_firefox
|
0,url_given
0,http
0,press_link
0,download
0,press_find
|
0,rich_text
0,reboot_comput
0,press_seamonkey_icon
0,press_home_button
0,fayt_set
0,open_sever_tab
0,open_e-mail
0,open_e-mail
|
0,resiz
0,open
0,open
0,go
0,press_link
0,middl_mous_button
0,seamonkey_crash
0,save_imag
0,repeat_step
0,keep_seamonkey_memori
|
0,go
0,type_name
0,password
0,press_type
|
0,etc
0,open_web_page
|
0,go
0,one_menus
|
0,etc
0,open_web_page
|
0,go
0,http
0,blank_page
|
0,go
0,press_button
0,popup_window
0,press_type
|
0,type_url
0,press_type
0,address_bar
0,type_text
0,address_bar
0,move_back
0,open
0,select
|
0,menu
0,press_option
0,download
|
0,go
0,http
0,navig
0,open
|
0,press_find
0,url_given
0,move_cursor
0,press_tab
0,move_cursor
|
0,http
0,go
0,press_news
0,scroll
0,type_name
0,back_button
0,repeat_step
|
0,open_page
0,scroll
0,keep_press
0,header_footer
|
0,instal_seamonkey
0,instal_seamonkey
0,instal_seamonkey
0,netscap
0,open
|
0,account
0,login
0,open
0,press_add
0,select_state
0,one_tab
0,select
0,type_url
0,push_button
0,repeat_step
|
0,go_http
0,press
0,high_detail
0,press
0,request
0,popup_window
0,press_seamonkey_icon
|
0,proxi_authentif_box
0,press_find
0,download
0,press_logo_left_top_corner
|
0,http
0,theme
|
0,exampl
0,appear_color_seamonkey_font
0,appear
|
0,view
0,view
0,navig
|
0,exampl
0,appear_color_seamonkey_font
0,appear
|
0,navig
0,need
0,scroll
0,disabl_firebug
0,open_mous_wheel
0,move_mous
|
0,http
0,navig
0,live_radio
0,select_one
0,press_button
0,live_radio
0,get
0,noth_happen
|
0,http
0,scroll
0,open_pc
0,press
0,type_url
0,open_seamonkey
0,next_page
0,time
|
0,log
0,scroll
0,bottom
0,press_news
0,go
0,open
0,back_button
|
0,open_seamonkey
0,menu
0,proxi_authentif_box
0,menu
0,edit_prefer
|
0,instal_seamonkey
0,open_seamonkey
|
0,go
0,save_imag
0,right_press
0,save_imag
0,save_imag
0,view
|
0,instal_seamonkey
0,theme
0,open_seamonkey
0,theme
0,open
0,open
0,open
|
0,brows
0,open
0,save_imag
0,seamonkey_freez
|
0,load_page
0,open_keyboard
0,move_mous
0,scroll
0,move_mous
|
0,press_drop_menu
0,press
0,navig
0,open
|
0,open_seamonkey
0,exampl
|
0,open
0,http
|
0,go
0,press_link
0,seamonkey_crash
|
0,open_seamonkey
0,play
|
0,visit_http
0,http
0,scroll
0,bug_appear
0,open_page
0,clear_cach
|
0,go
0,https
0,press_button
0,press
|
0,go
0,http
0,press_type
0,page_setup
|
0,close_instanc
0,point_seamonkey
|
0,copi
0,type_url
0,press_type
0,press_save
0,seamonkey_crash
|
0,visit_site
0,press
|
0,go
0,open_web_page
0,address_bar
0,press_ctl+
|
0,instal_seamonkey
0,clue_perhap_issu
0,activ
0,open_seamonkey
|
0,open
0,open
0,save_imag
|
0,go
0,open_web_page
0,scroll
0,seamonkey_crash
|
0,open
0,internet
|
0,bookmark
0,open
0,open_seamonkey
0,seamonkey_freez
|
0,go
0,elfa:
0,sign
0,go
0,press_compos
0,internet
0,press_financ
0,internet
|
0,go
0,back_button
0,noth_happen
|
0,go
0,http
0,right_press
0,save_imag
0,press_button
|
0,open_seamonkey
0,enabl_popup
0,ctrl_press
0,bottom
0,hotmail
0,open
0,open
0,hotmail
|
0,log
0,left_frame
0,open
0,main_page
0,open
0,open
0,seamonkey_crash
|
0,go
0,www.google.com
0,main_page
0,save_imag
|
0,go
0,http
0,press_product
|
0,go
0,http
0,press_button
|
0,type_url
0,press_type
|
0,open_seamonkey
0,seamonkey_maxim
0,move_back
|
0,go
0,http
0,page_setup
0,log
0,lotus
0,press_logo_left_top_corner
|
0,moz
0,open_pc
0,save_imag
0,moz
|
0,go
0,https
0,accept_cert
0,appear
0,type_url_doesnt_matter
0,note_strang
0,way
0,get
0,close
0,close
0,view
|
0,go
0,http
0,press_seamonkey_icon
0,open
|
0,go
0,open_web_page
0,press
0,insert_dove_vuoi
0,field
0,press_tab
0,insert_dove_vuoi
0,field
0,press_tab
0,fill_form
0,field
0,press_tab
0,fill_form
0,field
0,close_instanc
|
0,log
0,request
0,request
|
0,go
0,one_tab
0,seamonkey_crash
|
0,later
0,open_seamonkey
0,play
0,close_seamonkey
0,system
0,reboot_comput
0,execut_seamonkey
|
0,go_http
0,open_seamonkey
0,open
|
0,web_site
0,one_tab
0,problem
|
0,fill_form
0,text_input_field
0,address_bar
|
0,go
0,http
0,type_url
0,open_seamonkey
0,page_info
|
0,follow_link
0,type_url
|
0,go
0,http
0,move_mous
|
0,log
0,attempt
0,access_url
|
0,press_link
0,open_css_style
|
0,open_seamonkey
0,past_url
0,press_type
|
0,go
0,http
0,seamonkey_crash
|
0,go
0,http
0,press_save
0,open
0,seamonkey_crash
|
0,go
0,visit_http
0,scroll
0,doubl_press
|
0,instal_seamonkey
0,night_build
0,open_web_page
0,close_seamonkey
0,search_result
|
0,go
0,press_news
0,open
0,second_screen
0,load_page
0,error_messag
0,open_seamonkey
|
0,real_dont
0,go
0,http
|
0,disabl_pop-up_prefer
0,pop-up_window_open
0,netscap
0,pop-up_window_open
0,http
0,open_javascript_consol
0,pop-up_window_open
0,disabl_pop-up_prefer
|
0,go
0,open_web_page
0,log
0,new_messag
0,tri
0,play
|
0,go
0,type_name
0,go
0,press_tab
0,creat
0,leav_seamonkey
0,problem
0,open_page
|
0,password
0,select_text
|
0,go
0,http
0,password
0,seamonkey_open_correct
0,password
0,go
|
0,address_bar
0,wait_minut
0,seamonkey_crash
0,program
|
0,go
0,http
0,pictur
|
0,go
0,press_reload
|
0,open
0,forward_linux
0,delet
|
0,open_seamonkey
0,focus_focus
0,press_tab
|
0,go
0,http
0,move_cursor
0,select_state
|
0,ctrl_press
0,press_seamonkey_icon
|
0,press_link
0,save_imag
0,error_messag
|
0,return
0,close
0,websit
0,keep_seamonkey_memori
0,add-on_manag
|
0,press_link
0,address_bar
0,open_web_page
0,new_messag
|
0,keep_seamonkey_memori
0,keep_seamonkey_memori
0,reboot_comput
0,press_find
0,problem
0,press_reload
0,creat_email
0,open_keyboard
|
0,java_applet
0,html_document
0,right_press
0,edit_tabl_properti
0,queri_result_tabl_present
0,edit_tabl_properti
0,one_menus
|
0,doubl_press
0,press
0,appear
|
0,go
0,http
0,press_type
0,open_seamonkey
|
0,go
0,visit_http
0,scroll
0,bottom
0,invok
0,scroll
0,select
0,select
0,select_text
0,press_button
0,theme
0,acronym_tag
|
0,open_seamonkey
0,http
|
0,open_seamonkey
0,open_seamonkey
0,night_build
0,night_build
|
0,instal_seamonkey
0,night_build
0,check
0,document
0,press_download_font
0,
|
0,https
0,login
|
0,cd
|
0,open_seamonkey
0,copi
0,profil_dialog
0,close_instanc
0,help_menu
0,server
|
0,http
0,open_mail
0,press
|
0,set_display
0,add-on_manag
0,wait_minut
0,secondari_monitor
0,rich_text
|
0,desktop
0,load_page
0,open_mail
0,open_seamonkey
0,open
0,open_mail
|
0,inbox
0,date
|
0,open
0,right-click_imag
0,save_imag
|
0,http
0,go
0,press_search
0,press
0,one_menus
0,group_document_section
0,seamonkey_crash
|
0,go
0,http
0,save_imag
0,proxi_authentif_box
0,increas_size
|
0,open
0,print_preview
0,press_save
0,print_preview
|
0,open_seamonkey
0,one_menus
0,clue_perhap_issu
0,noth_happen
0,still
|
0,go
0,http
0,select
0,view
|
0,go
0,http
0,select
0,view
|
0,open_web_page
0,right-click_imag
0,save_imag
0,fill_form
|
0,go
0,edit_prefer
0,address_bar
|
0,order
0,list
0,select_text
|
0,save_webpag
0,open_page
0,document_upload
0,download
|
0,http
0,center
0,press_either_music
0,open_keyboard
0,press_tab
|
0,disabl_firebug
0,go
0,save_imag
0,press_link
0,view
|
0,url_given
0,describ
0,view
|
0,highlight_text
0,googl
0,select
0,past_url
|
0,go
0,select_one
0,address_bar
0,address_bar
0,check
0,java_applet
0,load_page
|
0,press_link
0,configur
0,select_directori
0,error_messag
|
0,go
0,redirect
0,open_anoth
0,press_find
0,clear_cach
0,save_imag
|
0,get
0,go
0,http
|
0,http
0,press_search
0,press
|
0,visit_http
0,ctrl+f
0,press_find
0,take_view
0,press_find
|
0,form
0,fill_form
0,form
0,press_reload
|
0,websit
0,press_link
0,save_imag
0,press_option
0,page_complet
0,open
|
0,press_link
0,save_imag
|
0,open_seamonkey
0,go_http
|
0,anoth_profil
0,tool_menu
0,move_back
0,anoth_profil
0,add-on_manag
0,anoth_profil
0,add-on_manag
0,anoth_profil
0,add-on_manag
|
0,anoth_profil
0,go
0,googl
0,press_type
|
0,go
0,http
0,press_search
0,press_either_music
|
0,go
0,login
0,work
0,load_page
0,open
0,type_text
0,login
|
0,log
0,arrow
0,open
0,updat
|
0,go_http
0,http
0,open_pc
|
0,open_seamonkey
0,drag
0,secondari_monitor
0,menu
|
0,html_document
0,messag_url_shown
0,open_mani
|
0,open_seamonkey
0,open_mous_wheel
0,scroll
|
0,go
0,web_site
0,press_link
0,save_imag
0,save_imag
|
0,go
0,http
0,error_messag
|
0,hover_mous
0,save_imag
0,press_ok
|
0,open_seamonkey
0,view
0,print_preview
|
0,copi
0,bug_appear
|
0,open_seamonkey
0,tri
0,set_display
|
0,go
0,http
0,one_tab
0,wait
0,load_page
0,get_soon_error_without_anyth
|
0,right_press
0,save_imag
0,save_imag
0,brows
0,folder
0,save_imag
|
0,open_page
0,press
0,point_seamonkey
0,wait
0,seamonkey_crash
|
0,type_url
0,page_info
0,set_display
0,check
0,night_build
0,moz
|
0,popup_window
0,go
0,press_number
0,field
0,connect
0,press_save
|
0,seamonkey_maxim
0,resiz
0,seamonkey_maxim
|
0,type_name
0,one_tab
0,save_imag
|
0,type_name
0,password
0,press_type
0,login
|
0,log
0,go
0,http
|
0,open_seamonkey
0,select_seamonkey_seamonkey
0,select_seamonkey_seamonkey
|
0,http
0,press_save
0,press_link
0,press_button
0,menu
0,video
|
0,right-click_imag
0,save_imag
0,select_one
0,download
0,url_given
0,save_imag
|
0,visit_http
0,open_seamonkey
0,open_anoth
0,noth_happen
|
0,open_mail
0,document
|
0,exampl
0,go
0,night_build
0,save_imag
0,press_save
0,error_box_page
|
0,open
0,login
0,go_http
0,open
0,brows
0,go_http
0,open_seamonkey_site_session
0,login
|
0,go
0,open_page
0,seamonkey_crash
0,profit
|
0,go
0,http
0,press_link
0,press_number
0,second_screen
0,appear
|
0,type_url
0,press_type
0,seamonkey_crash
|
0,go
0,nhl.com
0,point_seamonkey
0,press_link
|
0,go_http
0,etc
0,initi
0,time
|
0,http
0,press_search
0,acronym_tag
0,cd
|
0,load_page
0,open
0,press_drop_menu
0,open_anoth
0,open
0,next_page
0,load_page
0,right_press
0,press_financ
|
0,go
0,menu
0,open
0,save_imag
|
0,push_button
0,hidden
0,group_document_section
0,push_button
|
0,open_firefox
0,close
0,press_ctl+
0,add-on_manag
0,open_firefox
|
0,ibm
0,creat
0,load_page
0,work
|
0,http
0,download
|
0,account
0,log
0,go
0,http
0,point_seamonkey
0,press
|
0,open_seamonkey
0,http
0,press_testcas
0,open
0,press_url_entri
0,messag_filter
|
0,fill_form
0,open
|
0,creat
0,load_page
0,bug_appear
|
0,right_press
0,save_imag
0,add-on_manag
0,attempt
0,download
0,etc
0,download
|
0,ebay
0,noth_happen
0,tri
0,ebay
0,press_link
0,keep_press
0,press_search
0,move_mous
0,seamonkey_crash
|
0,ctrl+f
0,select
0,notic
0,address_bar
0,noth_happen
|
0,go
0,nhl.com
0,point_seamonkey
0,press_link
|
0,open
0,content
0,modifi
0,middl_mous_button
0,press_button
0,open
0,open
0,time
|
0,prefer
0,privaci_secur
0,bookmark
0,open_page
0,wait
0,cooki_appear
0,cooki_appear
0,popup_window
|
0,open
0,log_yahoo
0,load_page
0,field
|
0,open_seamonkey
0,desktop
0,connect
0,server
0,log
0,server
0,get_soon_error_without_anyth
0,past_url
0,copi
0,attempt
0,past_url
0,noth_happen
|
0,night_build
0,fayt_set
0,press_download_font
0,open_seamonkey
0,go
0,pictur
|
0,http
0,ctrl+f
0,type_url
|
0,tool_menu
0,add-on_manag
0,tool_menu
0,add-on_manag
|
0,load_page
0,rich_text
0,select
0,press_link
0,press
0,press_tab
0,menu_type_url
|
0,press_find
0,netscap
0,ctrl_press
0,content_view_text
0,select_directori
0,folder
0,content
|
0,open_web_page
0,seamonkey_crash
0,right_press
0,save_imag
0,save_imag
|
0,load_page
0,close_box_list
|
0,rich_text
0,lock
0,open_anoth
0,load
0,open
0,page_complet
|
0,type_url
0,press_search
0,noth_happen
|
0,go
0,press_logo_left_top_corner
|
0,open_seamonkey
0,address_bar
0,submit
0,password
|
0,press_left_side
0,ctrl_press
0,scroll
|
0,open
0,place_cursor_top
|
0,minim_button
0,wait_minut
0,seamonkey_maxim
|
0,googl
0,view
0,open
|
0,go
0,test_case
0,resiz
0,bottom
0,highlight_text
0,highlight_text
0,scroll
0,order
0,open_seamonkey
|
0,highlight_text
0,real_dont
0,right_press
0,move_mous
0,mous_differ_frame
0,vertic_scrollbar
0,press_type
0,keep_mous_button_press
0,move_mous
0,mous_differ_frame
|
0,go
0,http
0,push_button
0,press_save
|
0,visit_http
0,second_screen
|
0,go
0,field
0,save_imag
|
0,load
0,load_page
0,left_frame
|
0,open_seamonkey
0,close
0,http
0,problem
0,press_reload
|
0,modifi
0,open_seamonkey
|
0,open_seamonkey
0,open_seamonkey
0,press_home_button
0,load_page
0,attempt
0,close_seamonkey
|
0,page_ie
0,desktop
0,open
0,press_seamonkey_icon
|
0,press_home_button
0,applic
0,download
0,instal_extens
0,googl
0,type_name
0,open
0,open_seamonkey
|
0,go
0,https
0,attempt
0,load_page
0,seamonkey_crash
0,load_page
|
0,go
0,profit
|
0,popup_window
0,press_reload
0,submit
0,edit_form_field
|
0,select_text
0,select_text
0,delet
|
0,go
0,http
0,login
0,open_web_page
0,press
0,logout
0,problem
|
0,navig
0,press_either_music
0,open_seamonkey
0,open
0,arrow
0,open
|
0,load
0,sign
0,hotmail
0,one_tab
0,open_anoth
0,inbox
|
0,hotmail
0,new_messag
0,press_send
0,hotmail
0,press_send
|
0,minim_button
0,view_mess_toolbar_seamonkey
0,press_type
0,fullscreen_mode
0,press_type
0,fullscreen_mode
|
0,type_url
0,exampl
0,noth_happen
|
0,open
0,point_seamonkey
0,http
0,problem
|
0,visit_http
0,view
|
0,go
0,http
0,save_imag
0,save_imag
0,select_directori
|
0,instal_seamonkey
0,go
0,http
|
0,highlight_text
0,right_press
|
0,open
0,open_web_page
0,error_messag
0,select_state
0,open
0,seamonkey_open_correct
|
0,download
0,flash_plugin
0,open_seamonkey
0,go
0,seamonkey_crash
|
0,open_seamonkey
0,type_url
0,http
|
0,open
0,open_mous_wheel
|
0,go
0,gmail.com
0,account
0,address_bar
0,close
0,open
0,back_button
0,back_button
0,account
|
0,go
0,http
0,select_item
0,noth_happen
|
0,go
0,http
0,brows
0,press_search
0,press_save
0,etc
0,appear
|
0,go
0,http
0,select_one
0,select_item
0,internet
0,back_button
0,repeat_step
0,seamonkey_crash
|
0,move_back
0,go
0,http
|
0,go
0,https
0,press_link
0,seamonkey_crash
|
0,go
0,page_long_enough
0,vertic_scrollbar
0,go
0,left_frame
0,vertic_scrollbar
0,close_instanc
0,go
|
0,boot_comput
0,open_firefox
0,open
0,mail_default_mail_applic
0,password
0,mail_default_mail_applic
0,press_home_button
0,press
|
0,go
0,press
0,press
|
0,go
0,http
0,print_preview
0,seamonkey_crash
|
0,open_page
0,acronym_tag
0,press_button
|
0,html_document
0,press_add
0,press_save
|
0,http
0,hang
|
0,go
0,http
0,press_logo_left_top_corner
0,scroll
0,press_link
0,press_button
0,press_link
0,submit
0,line
0,press_find
0,press_logo_left_top_corner
0,type_url
0,view
|
0,visit_http
0,right-click_imag
|
0,open
0,open
0,press_testcas
0,right_press
|
0,disabl_firebug
0,web_site
0,popup_window
0,main_page
|
0,open
0,open
0,download
0,open
0,press_option
0,download
0,open
|
0,go
0,visit_http
0,move_mous
0,popup_window
|
0,open_mail
0,open
0,open_mani
0,http
|
0,go
0,navig
0,finish
0,navig
|
0,page_contain
0,open_local_document
0,open
0,acronym_tag
|
0,navig
0,secondari_monitor
0,right-click_imag
0,open
0,move_mous
0,open
0,focus_focus
0,seamonkey_crash
0,right_press
|
0,open
0,address_bar
0,first_tab
0,download
|
0,open_sever_tab
0,modifi
0,popup_window
0,view_crash
|
0,open_seamonkey
0,open
0,blank_page
|
0,http
0,press_news
0,open
|
0,go
0,http
0,seamonkey_crash
|
0,close
0,type_url
0,password
0,login
0,bug_appear
0,noth_happen
|
0,type_url
0,updat
0,blank_page
|
0,go_http
0,test_case
0,test_case
0,wake
|
0,go
0,press_post
0,view
|
0,open_firefox
0,press_link
0,error_messag
|
0,go_http
0,theme
0,theme
|
0,go
0,http
0,load_page
0,press_link
|
0,http
0,keep_press
|
0,left_frame
0,left_frame
|
0,exampl
0,open_local_document
0,open_local_document
|
0,go
0,http
0,vertic_scrollbar
0,open_page
0,seamonkey_freez
0,right_press
|
0,fayt_set
0,navig
0,config
0,open
0,minim_button
|
0,go
0,url_given
0,press
0,right-click_imag
0,download
0,press_home_button
|
0,open_seamonkey
0,open
0,program
0,open
0,websit
|
0,open_seamonkey
0,open
0,tri
0,open_command
|
0,go
0,websit
0,press_link
0,press_send
|
0,press_search
0,wait_minut
0,open
0,reboot_comput
0,time
0,open
0,type_url
|
0,log
0,mail_account
0,press_compos
0,list
|
0,type_url
0,return
|
0,go
0,http
0,seamonkey_crash
0,problem
|
0,arrow
0,status_bar
|
0,go
0,press_link
0,save_imag
0,press_link
0,second_screen
|
0,open_seamonkey
0,close
0,seamonkey_crash
|
0,go
0,http
0,hover_mous_thread
0,open_firefox
|
0,seamonkey_window
0,instal_seamonkey
0,type_url_doesnt_matter
0,press_option
0,wake
|
0,go
0,visit_http
0,address_bar
0,submit
|
0,load_page
0,page_complet
|
0,close_instanc
0,close_instanc
|
0,account
0,go_http
0,go
0,press_compos
|
0,left_frame
0,left_frame
0,push_button
0,navig
|
0,save_webpag
0,save_webpag
0,press_link
0,wait
|
0,open_javascript_consol
0,go
0,night_build
0,open
0,save_imag
0,press_save
|
0,visit_http
0,type_name
0,password
0,login
|
0,log
0,go
0,admin_action
0,hang
|
0,go
0,open_web_page
0,menu
0,press_send
|
0,go
0,http
0,account
|
0,http
0,press
0,account
|
0,web_site
0,popup_window
0,web_site
|
0,load_page
0,background_color_web_page
0,background_graphic
|
0,open_mail
0,open_e-mail
0,open
|
0,select_item
0,save_imag
0,right_press
0,select_one
0,open_keyboard
0,select_directori
0,select_directori
0,type_url
|
0,open_seamonkey
0,select_one
0,open_seamonkey
0,back_button
0,move_mous
|
0,fullscreen_mode
0,press_ctl+
0,press_ctl+
|
0,open_seamonkey
0,address_bar
0,return
0,seamonkey_crash
|
0,titl_text
0,charact_set
0,load_page
0,charact_set
0,titl_text
0,view_scrollbar
|
0,prefer
0,open_mail
0,close_seamonkey
0,command_line
0,open
0,open_mail
0,close_seamonkey
0,command_line
0,open
0,open_mail
|
0,http
0,press_tab
0,select_element
0,press_type
0,arrow
0,press_option
0,arrow
0,press_drop_menu
|
0,exampl
0,scroll
0,seamonkey_crash
|
0,open_seamonkey
0,go
0,http
0,seamonkey_crash
|
0,edit_prefer
0,prefer
0,privaci_secur
0,certif
0,add-on_manag
0,brows
0,open
0,press
|
0,open_mail
0,move_back
0,anoth_profil
0,appear
0,open_mail
|
0,go
0,press_button
0,get
0,go
|
0,type_url
0,press
0,arrow
|
0,go
0,print_preview
|
0,prefer
0,open_mail
0,open_seamonkey
0,attempt
|
0,go
0,address_bar
0,press_search
0,press_map
|
0,navig
0,load_page
0,navig
0,replac_url_caus
0,seamonkey_crash
|
0,open_seamonkey
0,mozilla-firefox
0,type_url
0,address_bar
0,mozilla-firefox
|
0,open_firefox
0,wake
0,press_product
0,close_seamonkey
0,wait
0,press_product
0,open_seamonkey
|
0,go
0,open_web_page
0,hover_mous
0,move_mous
0,select
|
0,rich_text
0,press_type
|
0,open_seamonkey
0,anoth_profil
0,open_anoth
|
0,prefer
0,press_financ
0,play
0,request
0,press_ok
0,prefer
0,go
0,popup_window
|
0,open_seamonkey
0,websit
0,time
|
0,place_cursor_top
0,scroll
0,middl_mous_button
0,theme
0,ibm
|
0,login
0,hotmail
0,repli
0,creat_email
0,copi_code
|
0,go_http
0,select
0,press_type
|
0,go
0,http
0,right_press
|
0,download_document_long
0,view
|
0,upgrad
0,gcc
0,view
|
0,type_name
0,move_back
0,type_name
0,access_url
0,move_back
0,type_name
0,close_seamonkey
0,open_seamonkey
0,type_name
0,work
0,enabl_popup
|
0,go
0,http
0,press_type
|
0,creat_email
0,press_link
0,open_seamonkey
0,view
|
0,open_seamonkey
0,system
0,load_page
0,keep_seamonkey_memori
0,keep_seamonkey_memori
0,open
0,keep_seamonkey_memori
0,keep_seamonkey_memori
0,normal
|
0,go
0,visit_http
0,fill_form
0,press_search
0,privaci_secur
|
0,copi
0,document
0,time
0,messag_url_shown
|
0,go
0,log_yahoo
0,group_document_section
0,photo
0,photo
0,etc
0,point_seamonkey
|
0,attempt
0,visit_http
0,clue_perhap_issu
0,wait_minut
0,press_send
0,websit
0,still
|
0,right_press
0,view
0,type_url
|
0,line
0,press_type
|
0,type_url
0,press_type
|
0,doubl_press
0,open
0,https
0,press_tab
|
0,go
0,gmail.com
0,login
|
0,go
0,open_web_page
0,form_data
0,repeat_step
|
0,instal_seamonkey
0,open_seamonkey
0,press_logo_left_top_corner
0,fullscreen_mode
|
0,load_page
0,without
0,googl
|
0,instal_seamonkey
0,open_pc
|
0,internet
0,press_link
0,open
|
0,go
0,websit
0,download
|
0,open_seamonkey
0,game
0,close
|
0,press_seamonkey_icon
0,etc
0,etc
0,initi
0,etc
0,appear
0,initi
0,etc
|
0,instal_seamonkey
0,open
0,log
0,type_name
0,open_seamonkey
0,go
0,http
|
0,open_web_page
0,open_anoth
0,back_button
|
0,websit
0,open_mous_wheel
|
0,go_http
0,password
0,press_compos
0,press_url_entri
0,edit_prefer
|
0,go_http
0,log
0,take_view
0,press_compos
0,notic
0,select
0,go_http
0,log
0,take_view
0,press_tool_button_hotmail_toolbar
0,notic
0,rich_text
|
0,go_http
0,log
0,take_view
0,press_compos
0,notic
0,select
0,go_http
0,log
0,take_view
0,press_tool_button_hotmail_toolbar
0,notic
0,rich_text
|
0,go_http
0,log
0,take_view
0,press_compos
0,notic
0,select
0,go_http
0,log
0,take_view
0,press_tool_button_hotmail_toolbar
0,notic
0,rich_text
|
0,open_e-mail
0,press
|
0,open
0,open_anoth
0,open
0,edit_prefer
0,view
0,work
|
0,type_url
0,creat
0,open_page
0,noth_happen
0,press_send
|
0,cut_creat_web
0,get_soon_error_without_anyth
0,go
0,next_page
0,go
0,back_button
0,back_button
|
0,error_messag
0,uri
0,set_display
0,new_messag
|
0,go
0,open_web_page
0,press
0,seamonkey_crash
|
0,go_http
0,log_yahoo
0,password
0,press_compos
0,fill_form
0,press_send
|
0,open_seamonkey
0,type_url
0,seamonkey_crash
|
0,load_page
0,go
0,work
0,open_page
|
0,go
0,press_search
0,list
|
0,go
0,press_left_side
0,internet
|
0,acronym_tag
0,increas_size
0,copy/past_test_text
0,view
|
0,activ
0,type_url_doesnt_matter
0,fullscreen_mode
0,access_url
|
0,hotmail
0,creat_email
0,login
0,hotmail
0,hotmail
0,hotmail
|
0,open_firefox
0,scroll
0,scroll
0,noth_happen
|
0,navig
0,http
0,open
0,list
|
0,select_element
0,open_css_style
0,line
|
0,open_seamonkey
0,clue_perhap_issu
|
0,night_build
0,instal_seamonkey
0,open_seamonkey
|
0,download
0,cd
|
0,open
0,highlight_text
0,select
0,highlight_text
0,open_seamonkey
0,right_press
|
0,high_detail
0,document
0,move_cursor
|
0,go
0,https
0,press_search
0,press_save
|
0,form
0,check
0,press_save
0,list
0,attempt
0,press_tab
0,field
0,move_back
|
0,go
0,configur
0,press
0,press
0,clue_perhap_issu
|
0,open_seamonkey
0,edit_prefer
0,prefer
0,open_mail
0,mail_default_mail_applic
0,press_ok
0,press_link
|
0,visit_http
0,login
0,differ_ms_outlook
|
0,open
0,move_mous
0,second_screen
0,main_page
|
0,go
0,http
0,scroll
0,bottom
0,back_button
0,open
|
0,open_firefox
0,keep_press
0,wait
0,boot_comput
0,open_seamonkey
|
0,night_build
0,pdf_document
|
0,open_firefox
0,bookmark
0,viola
|
0,request
0,empti
0,increas_size
0,open
0,visit_http
0,take_view
0,forum
0,increas_size
|
0,go
0,press_search
0,get_soon_error_without_anyth
0,wait
0,java_applet
|
0,go
0,line
0,press_articl
0,press_articl
|
0,open
0,open
|
0,go
0,download
0,charact_set
0,second_screen
0,seamonkey_open_correct
|
0,next_page
0,queri_result_tabl_present
0,press_button
|
0,brows
0,http
0,keep_press
|
0,go
0,page_long_enough
0,scroll
0,navig
0,rich_text
0,open_keyboard
0,move_mous
0,open_anoth
|
0,menu
0,open_seamonkey
0,type_url
0,press_type
|
0,file/print
0,fill_form
0,press
0,error_messag
|
0,go
0,http
0,scroll
0,press_post
|
0,go
0,http
0,scroll
0,press_post
|
0,type_url
0,view
|
0,enabl_popup
0,go
0,press_testcas
0,press_logo_left_top_corner
|
0,instal_seamonkey
0,messag_url_shown
|
0,open
0,html_document
0,open_firefox
|
0,boot_comput
0,open_firefox
0,open_firefox
|
0,go
0,open_web_page
0,open_mous_wheel
0,scroll
0,scroll
|
0,open_seamonkey
0,navig
0,http
0,popup_window
|
0,load_page
0,save_imag
0,select_directori
0,configur
0,press_save
|
0,html_document
0,left_frame
0,left_frame
0,point_seamonkey
0,open
0,focus_focus
0,type_text
|
0,open
0,type_url
0,select
0,return
|
0,follow_link
0,http
|
0,open_page
0,night_build
0,page_setup
0,wait
|
0,cut_creat_web
0,hover_mous
0,set_display
|
0,open
0,select
0,scroll
|
0,flash_plugin
0,http
|
0,open
0,press
0,address_bar
0,open
0,open
0,open
|
0,go
0,websit
0,wait
0,load_page
0,open
|
0,instal_seamonkey
0,leav_seamonkey
0,instal_seamonkey
0,open
|
0,open
0,note_strang
0,select_text
0,night_build
0,take_view
|
0,open
0,wait_minut
0,type_url_doesnt_matter
0,open
|
0,open_seamonkey
0,http
|
0,sign
0,press_compos
0,press_send
|
0,move_cursor
0,press_button
0,press_logo_left_top_corner
0,press_link
0,press_type
0,scroll
|
0,point_seamonkey
0,save_imag
0,view
0,page_info
0,press_either_music
0,save_imag
0,press_save
0,select_directori
0,save_imag
|
0,cd
0,right_press
0,close_seamonkey
0,updat
0,menu_type_url
0,reboot_comput
0,open_without_cd_drive
0,bug_appear
0,close_seamonkey
0,bug_appear
|
0,html_document
0,valu_modifi
0,valu_modifi
0,open_firefox
|
0,load_page
0,press_button
|
0,open_seamonkey
0,close
0,select_directori
|
0,go
0,http
0,note_strang
0,view
0,select_one
|
0,middl_mous_button
0,navig
0,view_mess_toolbar_seamonkey
|
0,add-on_manag
0,first_tab
0,server
|
0,netscap
0,instal_seamonkey
0,view_mess_toolbar_seamonkey
0,netscap
0,view_mess_toolbar_seamonkey
0,take_view
0,view
|
0,go
0,wait
0,open_firefox
|
0,high_detail
0,load_page
0,press
0,text_test
0,keep_press
0,view
0,text_test
0,text_test
0,keep_press
|
0,brows
0,folder
0,way
0,push_button
0,right_press
|
0,open
0,press
|
0,go
0,http
0,pop-up_window_open
|
0,instal_seamonkey
0,instal_seamonkey
0,problem
|
0,open_css_style
0,save_imag
0,disk
0,view
|
0,moz
0,moz
0,close_seamonkey
|
0,access_url
0,moz
0,wait
|
0,go
0,https
0,password
0,move_mous
0,spot
0,modifi
0,press_seamonkey_icon
0,viola
0,go
0,http
0,bottom
0,move_mous
0,spot
0,modifi
0,press_seamonkey_icon
0,viola
|
0,java_applet
0,java_applet
|
0,press_link
0,download
0,open_seamonkey
0,ask
0,save_imag
0,press
0,window_pop
0,ask
0,one_tab
0,download
|
0,fayt_set
0,config
0,got
0,open_web_page
0,login
0,password
0,press
0,disabl_firebug
0,resiz
|
0,account
0,log
0,press_button
|
0,page_long_enough
0,scroll
0,scroll
0,bug_appear
0,press_link
|
0,press_compos
0,check
0,open
|
0,visit_http
0,http
0,content
0,submit
0,press_area
0,focus_focus
0,attempt
0,open_mous_wheel
0,open_keyboard
|
0,open_seamonkey
0,past_url
0,press_type
|
0,go_http
0,updat
0,open_page
0,repeat_step
|
0,view
0,work
0,open_keyboard
0,appear_color_seamonkey_font
|
0,real_dont
0,open_page
0,load_page
|
0,copy/past_test_text
0,html_document
0,open
0,select_element
0,copy/past_test_text
0,html_document
0,download
0,press_reload
0,select_element
0,view
0,select_element
|
0,instal_seamonkey
0,go
0,http
0,problem
0,notic
0,instal_seamonkey
0,open
0,open_seamonkey
0,go
0,http
0,problem
0,notic
|
0,open_firefox
0,resiz
0,sneakemail.com
0,bookmark
0,type_url_doesnt_matter
0,seamonkey_crash
0,night_build
0,resiz
0,sneakemail.com
0,seamonkey_crash
|
0,open_firefox
0,resiz
0,sneakemail.com
0,bookmark
0,type_url_doesnt_matter
0,seamonkey_crash
0,night_build
0,resiz
0,sneakemail.com
0,seamonkey_crash
|
0,press_search
0,press_bad_select
0,error_messag
|
0,mail_default_mail_applic
0,go
0,print_preview
0,creat_email
|
0,navig
0,http
0,open
|
0,configur
0,java
0,open_mous_wheel
|
0,open_seamonkey
0,mail_account
0,inbox
0,press_tab
0,focus_focus
0,new_messag
0,arrow
0,current_mark_junk
0,press_type
0,ctrl_press
0,focus_focus
0,arrow
0,open_anoth
|
0,go_http
0,press_product
0,next_page
0,next_page
0,attempt
0,scroll
|
0,open_seamonkey
0,go
0,way
0,login
0,account
0,press_search
|
0,check
0,press_button
|
0,focus_focus
0,press_type
0,press_drop_menu
0,list
0,press_type
0,close_box_list
0,valu_modifi
0,press_reload
0,valu_modifi
|
0,ebay
0,view
0,back_button
0,return
0,list
|
0,select_text
0,submit
0,select_text
|
0,mail_default_mail_applic
0,go
0,http
0,search_result
|
0,open
0,delet
|
0,forum
0,second_screen
0,charact_one
0,press_post
0,list
0,press_search
0,arrow-head
0,titl_text
0,repeat_step
0,press_logo_left_top_corner
0,press_post
0,press
|
0,download
0,download
0,wait
0,download
|
0,vertic_scrollbar
0,drag
0,press_drop_menu
0,open_sever_tab
0,tri
0,drag
|
0,type_text
0,view
|
0,enabl_popup
0,http
0,press_reload
0,move_mous
0,popup_window
0,work
|
0,press_link
0,press_left_side
0,past_url
|
0,go
0,open_seamonkey
0,go
0,privaci_secur
0,privaci_secur
0,form
0,go
0,form_data
0,go
0,press_inform
0,go
|
0,http
0,download
0,open
0,clue_perhap_issu
0,night_build
|
0,login
0,modifi
0,seamonkey_crash
0,time
|
0,open_seamonkey
0,open_javascript_consol
0,error_messag
|
0,download
0,night_build
0,system
0,internet
0,open_web_page
0,mail_default_mail_applic
0,night_build
0,open
0,applic
0,later
0,repeat_step
|
0,go
0,clue_perhap_issu
0,noth_happen
|
0,visit_http
0,wait
0,navig
0,open_web_page
|
0,repli
0,creat_email
0,address_bar
0,problem
0,noth_happen
|
0,open_page
0,press_map
0,press_map
0,press_map
0,load_page
|
0,fayt_set
0,navig
0,enabl_popup
0,noth_happen
0,open_javascript_consol
|
0,open
0,fayt_set
0,type_text
0,menu
0,mail_default_mail_applic
0,load
0,updat
|
0,type_url
0,type_name
0,password
0,type_url
0,wait
0,wait_minut
|
0,theme
0,instal_extens
0,upgrad
0,theme
|
0,open
0,open_seamonkey
0,wait
0,line
0,open_seamonkey
0,open_sever_tab
0,open_page
0,open_page
|
0,http
0,edit_prefer
0,move_mous
|
0,brows
0,open
0,login
0,press_number
|
0,open_seamonkey
0,one_tab
0,http
0,open
|
0,press_compos
0,creat_email
0,seamonkey_crash
0,later
0,press_send
|
0,open_web_page
0,password
0,password
0,login
|
0,popup_window
0,disabl_firebug
0,exampl
0,modifi
0,popup_window
|
0,document
0,put
0,disabl_firebug
0,open
|
0,document
0,wait
0,page_complet
0,go
0,open_page
0,bug_appear
0,high_detail
0,back_button
|
0,go
0,http
0,press_left_side
0,press_area
0,press_left_side
|
0,open_seamonkey
0,press_seamonkey_icon
0,drag
|
0,load_page
0,messag_url_shown
0,vertic_scrollbar
|
0,add_bookmark_seamonkey
0,view_mess_toolbar_seamonkey
0,second_screen
0,seamonkey_maxim
0,view_mess_toolbar_seamonkey
0,seamonkey_maxim
0,appear
|
0,open_firefox
0,brows
0,visit_http
|
0,line
0,press_send
0,save_imag
0,got
|
0,get_soon_error_without_anyth
0,select_text
0,press_ctl+
|
0,go
0,
0,go
0,second_screen
0,hang
|
0,open_seamonkey
0,type_url
|
0,visit_http
0,open
0,press_button
0,view
0,view_crash
|
0,download
0,pictur
0,menu
|
0,go
0,open_web_page
0,download
|
0,go_http
0,play
0,high_detail
0,select_one
0,type_url
|
0,open_seamonkey
0,brows
0,open
|
0,type_url
0,press_type
0,wait
|
0,type_url
0,middl_mous_button
|
0,accept_cert
0,lotus
0,open_command
0,open
|
0,night_build
0,attempt
0,follow_link
0,http
|
0,http
0,get
0,press
0,select_state
0,page_info
0,load
0,one_tab
0,forum
0,submit
|
0,check
0,open
0,middl_mous_button
0,press_link
|
0,close_instanc
0,open
0,visit_http
0,add-on_manag
0,keep_press
0,press_testcas
0,middl_mous_button
0,open
|
0,go
0,save_webpag
0,go
0,save_webpag
0,bottom
|
0,go
0,web_site
0,press_articl
|
0,open_page
0,press_url_entri
|
0,edit_prefer
0,go
0,prefer
0,prefer
|
0,go
0,http
0,download
0,first_tab
0,select
0,privaci_secur
|
0,open_seamonkey
0,press_type
|
0,go
0,https
0,privaci_secur
0,view
0,bottom
|
0,instal_seamonkey
0,open_seamonkey
0,wait
|
0,open_seamonkey
0,instal_seamonkey
0,open
|
0,visit_site
0,bookmark
0,view
0,past_url
0,noth_happen
|
0,view
0,open_seamonkey
|
0,open_web_page
0,press_option
|
0,open_seamonkey
0,wake
0,attempt
0,doubl_press
|
0,go
0,internet
0,download
0,download
0,etc
0,download
0,appear
0,problem
|
0,open
0,group_document_section
0,open
0,back_button
0,seamonkey_crash
|
0,go
0,http
0,seamonkey_open_correct
|
0,moz
0,noth_happen
|
0,next_page
0,go
0,open_page
0,press
0,go
0,open_page
0,open
|
0,configur
0,gcc
|
0,leav_seamonkey
0,wake
0,begin
0,brows
0,second_screen
0,open_mous_wheel
0,etc
|
0,googl
0,open
|
0,past_url
0,press_tab
|
0,open_page
0,open
0,right-click_imag
0,save_imag
0,select_one
0,save_imag
|
0,exampl
0,press_button
0,appear
0,load_page
|
0,html_document
0,http
0,firebird
0,netscap
0,delet
0,html_document
0,firebird
0,netscap
|
0,go_http
0,type_name
0,password
|
0,open_seamonkey
0,resiz
0,press_area
0,address_bar
|
0,press_drop_menu
0,press_drop_menu
0,increas_size
0,press_drop_menu
|
0,visit_http
0,set_display
|
0,anoth_websit_also
0,anoth_websit_also
0,back_button
0,websit
0,notic
|
0,go
0,scroll
0,error_messag
|
0,go
0,http
0,messag_filter
0,list
0,place_cursor_top
0,open_seamonkey
0,move_cursor
|
0,open
0,select_one
0,order
0,open_anoth
0,select_one
0,print_preview
0,move_back
0,first_tab
0,first_tab
|
0,without
0,request
0,delet
0,press_link
|
0,url_given
0,copi
|
0,load_page
0,page_complet
0,internet
0,open_page
0,view
|
0,open_seamonkey
0,press_url_entri
0,note_strang
0,address_bar
0,move_cursor
|
0,open
0,open
0,press_send
|
0,go
0,save_imag
0,press_link
0,press
0,ctrl_press
0,open_seamonkey
0,noth_happen
|
0,web_site
0,press_type
0,noth_happen
|
0,log
0,open_firefox
0,log
0,page_ie
|
0,open_seamonkey
0,open_seamonkey
0,java_applet
0,back_button
0,open
|
0,move_cursor
0,right_press
0,ctrl_press
0,noth_happen
0,appear
|
0,open_javascript_consol
0,go
0,http
|
0,open_seamonkey
0,menu
0,menu
0,open
0,status_bar
0,highlight_text
0,open
0,menu
|
0,open_page
0,download
0,disk
|
0,go
0,put
0,one_menus
|
0,mail_default_mail_applic
0,press_button
0,fill_form
0,line
|
0,load_page
0,press_drop_menu
0,scroll
|
0,visit_http
0,http
0,error_messag
|
0,visit_http
0,error_messag
|
0,open_seamonkey
0,press_seamonkey_icon
0,back_button
0,press
0,ctrl_press
0,pop-up_window_open
|
0,hotmail
0,document
0,document
|
0,instal_seamonkey
0,applic
0,error_messag
|
0,night_build
0,night_build
0,open_seamonkey
|
0,etc
0,problem
|
0,comput
0,work
0,go
0,http
0,type_url
0,status_bar
0,i.e
0,press_ctl+
|
0,menu
0,open_firefox
|
0,go
0,websit
0,scroll
|
0,tool_menu
0,press_option
0,press_logo_left_top_corner
0,press_search
0,open
0,go_http
0,open_seamonkey
0,download
0,open
|
0,test_case
0,modifi
0,modifi
|
0,mail_default_mail_applic
0,select_text
0,select_text
0,hyperlink
0,ask
0,ctrl_press
0,open_seamonkey
|
0,open_seamonkey
0,go
0,close_seamonkey
0,address_bar
0,navig
0,address_bar
|
0,right_press
0,address_bar
0,drag
0,seamonkey_crash
|
0,go
0,open_seamonkey
0,go
0,press_link
|
0,select_text
0,hyperlink
0,download
|
0,http
0,move_mous
|
0,differ_ms_outlook
0,messag_url_shown
0,seamonkey_open_correct
0,differ_ms_outlook
0,press_bad_select
0,open_seamonkey
0,open
|
0,differ_ms_outlook
0,messag_url_shown
0,seamonkey_open_correct
0,differ_ms_outlook
0,press_bad_select
0,open_seamonkey
0,open
|
0,differ_ms_outlook
0,messag_url_shown
0,seamonkey_open_correct
0,differ_ms_outlook
0,press_bad_select
0,open_seamonkey
0,open
|
0,time
0,open_anoth
0,select_text
0,open
|
0,go
0,http
0,hover_mous
|
0,open
0,download
|
0,instal_seamonkey
0,creat
0,open_seamonkey
0,open_seamonkey
0,close_seamonkey
0,type_name
|
0,bring_seamonkey
0,press_compos
0,press_logo_left_top_corner
0,charact_set
0,page_info
0,charact_set
|
0,go
0,http
0,highlight_text
0,press_option
0,game
0,finish
0,drag
|
0,html_document
0,open_css_style
0,queri_result_tabl_present
0,html_document
0,wait
|
0,open_seamonkey
0,back_button
|
0,load_page
0,scroll
|
0,go
0,http
0,real_dont
0,open_seamonkey
|
0,copi_code
0,html_document
0,page_ie
0,open_seamonkey
0,open_firefox
0,view
|
0,open_firefox
0,privaci_secur
0,close_instanc
0,keep_seamonkey_memori
0,first_tab
0,access_url
0,type_url_doesnt_matter
|
0,log
0,page_ie
0,go
0,open_mail
0,press_compos
0,log
0,go_http
0,go
0,open_mail
0,press_compos
|
0,address_book
0,search_result
0,address_book
0,queri_result_tabl_present
0,select
0,address_book
0,search_result
0,address_book
0,queri_result_tabl_present
0,select
|
0,brows
0,open_web_page
0,proxi_authentif_box
0,proxi_authentif_box
0,close
|
0,type_url
0,place_cursor_top
0,hyperlink
0,view_crash
0,right_press
0,select_properti
0,notic
0,repeat_step
0,get
|
0,brows
0,http
0,websit
|
0,download
0,instal_seamonkey
0,point_seamonkey
|
0,program
0,download
0,press_number
0,open
0,connect
0,still
0,ctrl_press
0,past_url
0,copi_code
0,download
|
0,load_page
0,save_imag
0,select_element
0,open_pc
0,save_imag
0,select_element
|
0,go
0,open_web_page
0,wait
|
0,open_e-mail
0,differ_ms_outlook
0,charact_one
0,open
0,open_seamonkey
0,open_e-mail
0,first_tab
0,sm
0,wait
0,open
|
0,http
0,java_applet
0,set_display
0,addit
0,page_setup
|
0,html_document
0,select_element
0,disabl_firebug
0,invok
0,noth_happen
|
0,open
0,log
0,sign
0,wait_minut
0,get_mail_box_without
0,password
0,open
0,log
0,sign
0,wait_minut
0,get_mail_box_without
0,password
|
0,open_css_style
0,text_input_field
0,check
|
0,open_seamonkey
0,press_home_button
0,bookmark
0,open_seamonkey
0,press_either_music
0,close_seamonkey
0,doubl_press
|
0,log_yahoo
0,open_mail
0,check
0,new_messag
0,forward_linux
0,move_mous
0,folder
0,repli
|
0,enabl_popup
0,go
0,ask
0,proxi_authentif_box
0,drag
0,mous_differ_frame
|
0,open_e-mail
0,download
0,open_seamonkey
|
0,go
0,http
0,press_search
0,press
0,set_display
|
0,http
0,hover_mous
|
0,download
0,download
0,error_messag
|
0,go
0,save_webpag
0,seamonkey_freez
0,close
|
0,program
0,download
0,view_mess_toolbar_seamonkey
0,burn
0,program
0,time
|
0,visit_http
0,view_crash
|
0,http
0,page_info
0,blank_page
0,form
|
0,instal_seamonkey
0,relaunch
0,configur
0,valu_modifi
0,brows
0,press_home_button
0,press_home_button
|
0,wait
0,scroll
|
0,note_strang
0,wait
0,move_back
0,open_mail
0,open
|
0,open_mous_wheel
0,scroll
0,flash_plugin
|
0,prefer
0,enabl_popup
0,updat
0,wait
|
0,seamonkey_crash
0,reboot_comput
0,go
0,http
0,download
|
0,go
0,open_web_page
0,brows
0,open_page
|
0,ebay
0,open_web_page
0,pictur
0,load_page
0,connect
|
0,go
0,http
0,move_cursor
0,open_mous_wheel
|
0,open_page
0,wait
|
0,open_seamonkey
0,load_page
0,close_seamonkey
|
0,visit_http
0,press_link
0,open_web_page
0,open
0,open
|
0,document
0,left_frame
0,navig
0,navig
0,download
|
0,desktop
0,open_seamonkey
0,drag
0,second_screen
0,seamonkey_maxim
0,search_result
0,list
|
0,instal_seamonkey
0,password
0,mail_default_mail_applic
0,check
|
0,instal_seamonkey
0,system
0,open
0,set_display
0,page_ie
|
0,night_build
0,view
0,follow_link
|
0,log
0,game
0,play
0,play
0,error_messag
|
0,open_sever_tab
0,one_tab
0,load_page
0,go
0,open_anoth
0,status_bar
|
0,updat
0,http
0,press_button
|
0,go
0,load_page
0,take_view
0,describ
|
0,got
0,ebuild
0,visit_http
0,press_search
0,open_keyboard
0,document
|
0,view
0,problem
0,view
|
0,charact_set
0,scroll
0,press_inform
0,charact_set
|
0,press_compos
0,preview_email_screen
0,order
0,internet
0,charact_one
0,increas_size
0,user_email_size_screen_charact
|
0,press_compos
0,preview_email_screen
0,order
0,internet
0,charact_one
0,increas_size
0,user_email_size_screen_charact
|
0,go
0,http
0,press_button
|
0,navig
0,press_type
0,histori_open
0,press_type
0,histori_open
0,document_titl_contain_find
0,press_find
0,search_result
0,seamonkey_open_correct
0,press_type
0,histori_open
0,document_titl_contain_find
0,press_find
0,document_titl_contain_find
0,problem
|
0,queri_result_tabl_present
0,select_element
0,press_add
0,select_element
|
0,move_cursor
0,addit
0,move_cursor
0,press_logo_left_top_corner
0,select_element
0,select
|
0,go
0,http
0,press_search
0,return
0,back_button
|
0,resiz
0,order
0,hang
0,copy/past_test_text
0,right-click_imag
0,first_tab
0,load_page
0,move_back
0,open
0,view
|
0,text_input_field
0,text_input_field
0,print_preview
|
0,access_url
0,highlight_text
0,open_seamonkey
0,back_button
0,noth_happen
|
0,go
0,navig
0,menu
0,select_item
|
0,press_link
0,wait
0,save_imag
0,vertic_scrollbar
0,move_cursor
0,view
|
0,clue_perhap_issu
0,clue_perhap_issu
0,press_type
|
0,configur
0,pdf_document
0,open_local_document
|
0,fayt_set
0,open
0,hyperlink
0,middl_mous_button
|
0,go
0,forum
0,forum
0,press_post
0,press
|
0,open_seamonkey_suit
0,press_button
0,real_dont
|
0,page_setup
0,open_seamonkey
0,page_setup
|
0,back_button
0,forward_linux
0,error_messag
|
0,enabl_popup
0,open_seamonkey
0,press_compos
0,navig
|
0,open_seamonkey
0,bug_appear
|
0,open_seamonkey
0,document
0,save_imag
0,hyperlink
0,wait
|
0,test_case
0,print_preview
|
0,open_seamonkey
0,program
|
0,open_seamonkey
0,program
|
0,visit_http
0,scroll
0,scroll
|
0,press_download_font
0,seamonkey_crash
|
0,set_display
0,load_page
0,note_strang
0,set_display
0,normal
0,load_page
|
0,go_http
0,wait
0,scroll
0,keep_seamonkey_memori
|
0,open_local_document
0,move_back
0,move_back
|
0,go
0,http
0,menu
0,appear
0,seamonkey_freez
0,secondari_monitor
|
0,go
0,http
0,one_menus
0,open
0,seamonkey_crash
|
0,load
0,load
|
0,go
0,nytimes.com
0,titl_text
0,press_command
0,etc
0,press_command
0,popup_window
0,press_command
|
0,go
0,ftp
0,view
|
0,go
0,http
0,comput
|
0,flash_plugin
0,proxi_authentif_box
0,save_imag
0,mail_default_mail_applic
0,flash_plugin
0,open
0,open
|
0,delet
0,select_directori
0,execut_seamonkey
0,edit_prefer
|
0,type_url
0,bookmark
0,drag
0,folder
|
0,visit_http
0,move_mous
0,open_mous_wheel
0,scroll
0,select_text
|
0,go
0,check
0,print_preview
0,check
0,print_preview
0,view
0,check
|
0,fayt_set
0,anoth_profil
0,open
0,time
0,tri
0,select_state
|
0,open_seamonkey
0,address_bar
0,press_button
|
0,open_seamonkey_site_session
0,echo
0,open_seamonkey_site_session
0,echo
|
0,press_seamonkey_icon
0,open_sever_tab
0,seamonkey_crash
0,applic
|
0,get
0,open_seamonkey
0,cd
0,open_seamonkey
|
0,go
0,http
0,redirect
0,main_page
0,repeat_step
0,log
0,press_compos
0,new_messag
0,press_send
|
0,go
0,configur
0,one_tab
0,open_anoth
0,left_frame
0,select_one
|
0,go
0,charact_one
0,center
|
0,go
0,configur
0,print_preview
0,print_preview
0,print_preview
0,press_number
|
0,go
0,config
0,press_find
0,valu_modifi
0,config
0,go
0,acronym_tag
0,acronym_tag
0,titl_text
0,return
0,config
0,modifi
0,resiz
0,acronym_tag
|
0,go
0,http
0,open_mous_wheel
0,scroll
0,note_strang
|
0,open_seamonkey
0,save_webpag
|
0,edit_prefer
0,open
0,edit_prefer
0,press
0,address_bar
0,press_ok
0,press_ok
0,pdf_document
|
0,document
0,select
|
0,test_case
0,open_anoth
0,open
0,address_bar
0,type_text
0,view_scrollbar
|
0,googl
0,press_link
0,open
0,type_url_doesnt_matter
|
0,go
0,http
0,main_page
|
0,type_url
0,ask
|
0,open_web_page
0,press_link
0,open_page
|
0,address_bar
0,view
0,navig
0,open_web_page
|
0,open_receiv
0,go
0,certif
0,delet
|
0,open
0,increas_size
0,open
0,open_seamonkey
0,press_ctl+
0,navig
0,navig
0,workspac
0,return
0,workspac
0,focus_focus
0,press_ctl+
0,press_ctl+
|
0,right-click_imag
0,right-click_imag
|
0,visit_http
0,test_case
0,bring_seamonkey
|
0,right-click_imag
0,open
|
0,go
0,http
0,go
0,http
0,go
0,http
|
0,open_web_page
0,menu
0,open
0,navig
0,back_button
0,view
|
0,go
0,open_web_page
0,select_state
0,seamonkey_crash
|
0,go
0,one_menus
|
0,document
0,java
0,java
0,html_document
|
0,open_page
0,print_preview
0,print_preview
|
0,got
0,document
0,applic
|
0,open_page
0,download
0,open_mous_wheel
0,scroll
|
0,html_document
0,press_add
0,queri_result_tabl_present
|
0,creat_email
0,new_messag
|
0,download
0,tool_menu
0,open_seamonkey_suit
0,open
0,edit_prefer
0,view
0,etc
0,seamonkey_freez
0,netscap
0,open_seamonkey_suit
0,problem
|
0,open
0,etc
0,open
0,open
|
0,open
0,move_back
0,open
0,visit_http
0,move_back
0,first_tab
0,take_view
0,move_back
0,open
0,take_view
|
0,view_mess_toolbar_seamonkey
0,go
0,popup_window
|
0,text_input_field
0,text_input_field
0,press_type
0,press_type
|
0,select_element
0,open
0,one_tab
0,open
|
0,document
0,one_menus
0,noth_happen
0,load_page
|
0,open_seamonkey
0,address_bar
0,go
0,web_site
|
0,open_page
0,press_area
0,press_type
|
0,open
0,open_seamonkey
0,web_site
|
0,navig
0,press_news
0,open
|
0,div_open_javascript_code
0,view
|
0,open_seamonkey
0,download
|
0,fill_form
0,open_seamonkey
|
0,go
0,visit_http
0,select_state
|
0,bug_appear
0,proxi_authentif_box
0,disk
|
0,mail_default_mail_applic
0,mail_default_mail_applic
0,open_javascript_consol
0,activ
0,mail_default_mail_applic
|
0,open
0,open_mail
|
0,close
0,download
|
0,go
0,address_bar
0,view
0,press_button
0,expand
0,go
0,page_ie
0,press_button
0,expand
0,set_display
|
0,go
0,http
0,press_left_side
0,noth_happen
|
0,log
0,queri_result_tabl_present
0,select
0,valu_modifi
0,queri_result_tabl_present
0,press_option
|
0,go_http
0,wait
|
0,go
0,http
0,profit
0,press
|
0,background_color_web_page
0,press_ok
0,wait
0,popup_window
0,press_ok
|
0,night_build
0,prefer
0,go
0,theme
0,open_seamonkey
0,theme
0,theme
0,page_info
0,press_ok
0,open_seamonkey
0,close
|
0,instal_extens
0,select_text
0,open
0,titl_text
0,titl_text
|
0,type_url
0,wait
0,seamonkey_crash
|
0,close_instanc
0,open_seamonkey
0,program
0,press_option
0,open
0,repeat_step
|
0,ebay
0,ebay
0,password
0,go
0,modifi
0,ebay
0,sign
0,i.e
|
0,go
0,mapquest
0,address_bar
0,return
|
0,go_http
0,print_preview
0,print_preview
0,boot_comput
|
0,go_http
0,content_view_text
0,press_link
0,open_mous_wheel
0,open_page
0,open_mous_wheel
|
0,group_document_section
0,line
0,move_cursor
0,move_back
0,group_document_section
0,line
|
0,go
0,http
0,press
|
0,go
0,https
0,document
|
0,http
0,fill_form
0,forum
0,type_url
|
0,configur
0,press_home_button
0,open_seamonkey
0,ctrl_press
0,select_text
0,open_mail
|
0,address_bar
0,address_bar
0,first_tab
0,open_seamonkey
0,address_bar
0,http
|
0,privaci_secur
0,select_one
0,popup_window
0,privaci_secur
0,delet
0,go
|
0,open_seamonkey_suit
0,view
0,open_mail
0,notic
|
0,open_web_page
0,preview_email_screen
0,press_area
0,save_webpag
0,press_url_entri
|
0,system
0,one_menus
|
0,open_page
0,page_setup
0,modifi
0,header_footer
0,press_logo_left_top_corner
0,blank_page
0,print_preview
|
0,select
0,go
0,etc
0,press_type
|
0,got
0,password
0,navig
0,open
0,go_http
0,password
0,check
0,move_back
0,open_page
0,open
0,check
|
0,open_seamonkey
0,pdf_document
0,problem
|
0,go
0,open_web_page
0,attempt
0,save_imag
0,error_messag
|
0,disabl_firebug
0,menu_type_url
0,prefer
0,exampl
0,hover_mous
|
0,log
0,press_post
0,attempt
0,press_search
|
0,go
0,open
0,select_properti
0,return
0,high_detail
0,print_preview
|
0,exampl
0,save_imag
0,wait
0,load_page
0,seamonkey_crash
|
0,doubl_press
0,print_preview
|
0,open_firefox
0,netscap
0,type_url
0,view
|
0,instal_seamonkey
0,url_given
0,address_bar
0,destin
0,next_page
0,ebuild
0,go
0,websit
0,page_long_enough
0,search_result
|
0,log
0,password
0,password
0,open
|
0,move_mous
0,secondari_monitor
0,seamonkey_maxim
0,ctrl_press
|
0,open_seamonkey
0,open_seamonkey
|
0,websit
0,open
0,open
|
0,address_bar
0,download
0,pdf_document
0,view
0,attempt
0,scroll
0,pdf_document
|
0,open
0,open
|
0,go
0,http
0,download
0,view_crash
|
0,instal_seamonkey
0,open
|
0,open
0,wait
0,open
0,next_page
|
0,fayt_set
0,form
|
0,open_seamonkey
0,open_sever_tab
|
0,open
0,press_financ
0,open_seamonkey
0,move_back
0,type_url
|
0,move_cursor
0,right_press
|
0,go
0,document
0,save_imag
0,open_seamonkey
0,new_messag
0,type_name
|
0,instal_seamonkey
0,etc
|
0,open_sever_tab
0,web_site
0,open_mail
0,press_compos
0,address_bar
0,appear
|
0,histori_open
0,charact_one
0,press_url_entri
0,delet
|
0,go
0,open_web_page
0,press_map
|
0,open_seamonkey
0,select_one
0,get_soon_error_without_anyth
0,proxi_authentif_box
0,double-click
0,select_directori
|
0,open
0,scroll
|
0,navig
0,go
0,websit
0,drag
0,press_logo_left_top_corner
|
0,view
0,go
0,print_preview
0,titl_text
0,header_footer
0,page_setup
0,go
0,header_footer
0,modifi
|
0,open_seamonkey
0,open
0,work
0,applic
0,get_soon_error_without_anyth
0,applic
0,work
0,minim_button
0,ls_bookmarks.html
|
0,open_seamonkey
0,need
0,press_option
0,vertic_scrollbar
|
0,go
0,visit_http
0,exampl
0,view
|
0,go
0,http
0,open_sever_tab
0,focus_focus
0,focus_focus
|
0,go
0,save_webpag
0,press
0,select_one
0,press
0,press
0,order
|
0,go
0,http
0,field
0,press_type
|
0,config
0,press_button
0,open
|
0,open_seamonkey
0,hyperlink
0,view
0,open_seamonkey
|
0,go
0,open_page
0,line
|
0,open_mail
0,press
|
0,download
0,open_page
0,open
0,load_page
0,open
0,seamonkey_open_correct
|
0,burn
0,exampl
0,scroll
0,take_view
|
0,load_page
0,blank_page
0,load_page
0,press_articl
0,view
0,open_page
|
0,open_firefox
0,open_seamonkey
0,press_link
0,bookmark
|
0,exampl
0,open_mani
0,back_button
0,take_view
|
0,open
0,prefer
0,resiz
0,ebuild
0,view
0,http
0,open
|
0,creat_document_contain
0,brows
0,open
|
0,edit_prefer
0,press_search
0,type_url
0,press_search
0,type_url
0,press_option
|
0,go
0,http
0,skip_intro
0,press_either_music
0,load_page
0,press_save
0,open_seamonkey
0,press_button
0,open_seamonkey
0,flash_plugin
|
0,go
0,http
0,skip_intro
0,press_either_music
0,load_page
0,press_save
0,open_seamonkey
0,press_button
0,open_seamonkey
0,flash_plugin
|
0,go
0,ebay
0,press_search
0,seamonkey_crash
|
0,go
0,press_link
0,press_product
0,error_messag
0,debugg
0,note_strang
0,clue_perhap_issu
|
0,go
0,press_link
0,press_product
0,error_messag
0,debugg
0,note_strang
0,clue_perhap_issu
|
0,url_given
0,open_page
0,leav_seamonkey
0,return
0,open_web_page
0,open_page
0,type_name
0,password
|
0,www.ebay.com
0,press_search
0,problem
0,download
0,new_messag
|
0,go
0,http
0,press_news
0,scroll
0,repli
0,download
0,delet
|
0,url_given
0,menu
0,print_preview
|
0,instal_extens
0,folder
0,open_seamonkey
0,instal_extens
0,program
0,open_seamonkey
|
0,open_seamonkey
0,press
0,note_strang
|
0,go
0,open_web_page
0,open
0,print_preview
0,open_page
|
0,open_seamonkey
0,open_firefox
0,brows
0,open
0,press_seamonkey_icon
|
0,html_document
0,drag
0,press_seamonkey_icon
0,open_seamonkey
0,open
0,put
|
0,select_element
0,html_document
0,press_add
0,div_open_javascript_code
0,open_web_page
|
0,instal_seamonkey
0,open_seamonkey
|
0,creat_document_contain
0,configur
0,open
0,open_seamonkey
0,server
0,open_anoth
0,open_seamonkey
0,configur
|
0,go
0,press_link
0,press_link
|
0,night_build
0,night_build
|
0,night_build
0,open_web_page
0,check
|
0,go
0,visit_http
0,press_button
0,view
0,left_frame
0,left_frame
0,left_frame
|
0,open_firefox
0,open_seamonkey
0,get_soon_error_without_anyth
0,ask
0,forum
0,etc
|
0,go
0,web_site
0,document
0,error_messag
|
0,got
0,visit_site
0,download
0,open_seamonkey
|
0,go
0,open_web_page
0,document
|
0,open_web_page
0,view
0,press_logo_left_top_corner
0,download
0,press_link
0,download
|
0,print_preview
0,problem
|
0,go
0,address_bar
0,move_mous
0,open_command
0,modifi
0,move_mous
|
0,form
0,save_imag
|
0,help_menu
0,press_link
0,next_page
0,pictur
|
0,test_case
0,log
0,press_link
0,web_site
0,press_number
0,prefer
0,activ
0,press_compos
0,field
|
0,close
0,java
0,drag
0,open_seamonkey
|
0,go
0,http
0,press
0,view_crash
|
0,go
0,http
0,right_press
0,scroll
|
0,go
0,www.microsoft.com
0,press_product
0,go
0,www.microsoft.com
0,type_url
0,load_page
|
0,load_page
0,wait
|
0,open_seamonkey
0,popup_window
0,press_search
|
0,one_tab
0,right-click_imag
0,open
|
0,save_imag
0,press_link
0,next_page
0,save_imag
0,error_messag
|
0,url_given
0,visit_http
0,open_mail
0,open_page
|
0,access_url
0,add-on_manag
0,move_back
0,open_mail
0,get
0,proxi_authentif_box
0,move_back
0,delet
|
0,go
0,http
0,view
0,scroll
0,press_link
|
0,night_build
0,open
0,open
0,attempt
|
0,follow_link
0,html_document
0,open_seamonkey
0,open_firefox
0,set_display
0,queri_result_tabl_present
|
0,go
0,press
0,tri
|
0,open_seamonkey
0,go
0,websit
0,bug_appear
|
0,html_document
0,add-on_manag
|
0,night_build
0,instal_seamonkey
0,open
|
0,night_build
0,open_seamonkey
|
0,open_seamonkey
0,etc
0,open_seamonkey
0,open_keyboard
|
0,password
0,password
0,follow_link
0,login
0,applic
0,navig
0,download
0,back_button
0,main_page
|
0,program
0,appear
0,bottom
|
0,brows
0,navig
0,alt-f
|
0,press_testcas
0,press_testcas
0,press_option
0,press_option
|
0,open_seamonkey
0,navig
0,visit_http
0,wait
0,view
|
0,select_element
0,acronym_tag
0,open
0,open_javascript_consol
|
0,open_seamonkey
0,close_seamonkey
|
0,download
0,instal_seamonkey
0,open_seamonkey
|
0,go
0,http
0,menu
0,focus_focus
0,wait
0,web_site
|
0,document_upload
0,websit
0,address_bar
0,open
|
0,googl
0,press_search
0,search_result
0,back_button
0,back_button
0,search_result
0,repeat_step
|
0,select
0,copi
0,past_url
0,open
0,past_url
|
0,go
0,http
0,press_articl
|
0,rich_text
0,https
0,navig
|
0,open_seamonkey
0,press_find
0,open_mous_wheel
0,move_mous
|
0,open_seamonkey
0,document
0,document
|
0,go
0,address_bar
0,press
|
0,page_setup
0,document
0,open_page
0,press_left_side
0,press_search
0,one_tab
|
0,http
0,document_upload
0,form
|
0,open_seamonkey
0,print_preview
0,header_footer
0,open_seamonkey
0,page_setup
0,proxi_authentif_box
0,print_preview
|
0,internet
0,googl
0,went
0,clear_cach
0,ask
0,anoth_profil
|
0,open_seamonkey
0,applic
0,open_seamonkey
|
0,go
0,navig
0,press_link
|
0,open
0,open_seamonkey
0,account
|
0,login
0,account
0,press_compos
0,address_bar
|
0,set_display
0,select
0,back_button
0,return
0,address_bar
|
0,netscap
0,select_directori
0,open_seamonkey
0,error_messag
0,reboot_comput
0,open_firefox
|
0,ftp
0,press_tab
|
0,go
0,go_http
0,repli
0,open_receiv
0,back_button
0,delet
|
0,go
0,view
0,go
0,view_mess_toolbar_seamonkey
0,go
0,status_bar
0,press
0,noth_happen
0,seamonkey_freez
|
0,one_tab
0,status_bar
0,open_sever_tab
0,status_bar
0,one_tab
|
0,websit
0,websit
0,press_type
0,go
0,histori_open
0,way
0,histori_open
|
0,access_url
0,view_crash
|
0,form_data
0,form_data
|
0,open_firefox
0,open_seamonkey
0,open_web_page
0,drag
0,press_drop_menu
0,open_firefox
|
0,popup_window
0,go
0,https
0,view_crash
0,select
|
0,press_link
0,noth_happen
|
0,press_link
0,noth_happen
|
0,type_text
0,autocomplet
0,move_mous
0,press_tab
|
0,go
0,http
0,surf_either_result
0,line
0,seamonkey_crash
|
0,go
0,http
0,surf_either_result
0,line
0,seamonkey_crash
|
0,html_document
0,header_footer
0,past_url
|
0,theme
0,close_seamonkey
0,press_reload
0,scroll
0,arrow-head
0,etc
0,appear
|
0,open_seamonkey
0,navig
0,open_mail
0,navig
|
0,brows
0,view
0,close_seamonkey
|
0,open_seamonkey
0,open_seamonkey
|
0,open_seamonkey
0,navig
0,vertic_scrollbar
|
0,internet
0,page_ie
0,open_seamonkey
0,open_seamonkey
0,open_web_page
0,open
0,open_seamonkey
0,reboot_comput
|
0,press_product
0,view
0,modifi
0,press_add
0,place_third_item
|
0,open
0,document_name_new_document
0,open_local_document
|
0,address_bar
0,select_text
|
0,point_seamonkey
0,mail.google.com
0,login
0,account
0,inbox
0,problem
|
0,point_seamonkey
0,mail.google.com
0,login
0,mail_account
0,seamonkey_open_correct
|
0,activ
0,type_url
0,internet
|
0,navig
0,go
0,prefer
0,open_seamonkey
0,prefer
0,system
0,brows
0,press_number
0,type_url_doesnt_matter
0,navig
0,open_seamonkey
|
0,type_url
0,noth_happen
|
0,open_seamonkey
0,press_option
0,open
0,program
|
0,instal_seamonkey
0,applic
0,type_text
0,noth_happen
|
0,fayt_set
0,press_send
0,server
0,press_send
0,error_box_page
|
0,put
0,press_search
0,download
|
0,etc
0,open_mail
0,open
|
0,download
0,press
0,download
0,seamonkey_freez
|
0,night_build
0,boot_comput
0,configur
0,open_seamonkey
|
0,open_seamonkey_suit
0,instal_seamonkey
0,open_seamonkey
0,open_seamonkey
0,open_seamonkey_suit
|
0,find_websit_contain
0,wait
0,open_anoth
0,one_tab
0,repeat_step
|
0,night_build
0,open_web_page
0,wait_minut
|
0,open_seamonkey
0,open
0,press
0,bug_appear
0,press_seamonkey_icon
0,press
0,bug_appear
|
0,type_name
0,instal_seamonkey
0,theme
0,instal_extens
0,open_seamonkey
0,instal_extens
|
0,night_build
0,night_build
0,night_build
0,open
0,email_client
0,open_seamonkey
0,open_seamonkey
|
0,select_state
0,document_upload
0,normal
|
0,open_seamonkey_suit
0,open_seamonkey
|
0,creat
0,http
|
0,instal_seamonkey
0,open_seamonkey
0,prefer
0,prefer
|
0,find_websit_contain
0,fill_form
0,open
0,form
0,go
0,tool_menu
0,form_data
|
0,press_financ
0,one_tab
|
0,go
0,address_bar
0,wait
0,open_web_page
0,wait
0,messag_url_shown
|
0,first_tab
0,mail_account
0,need
0,type_name
0,password
0,login
0,websit
0,inbox
0,open_pc
|
0,date
0,time
0,arrow-head
0,etc
0,open_keyboard
0,arrow
0,open
0,time
|
0,view_mess_toolbar_seamonkey
0,folder
0,noth_happen
0,download
0,type_url_doesnt_matter
|
0,navig
0,open
0,address_bar
0,config
0,resiz
|
0,open_seamonkey
0,brows
0,press_home_button
0,open_web_page
|
0,got
0,save_webpag
0,type_text
|
0,copy/past_test_text
0,open_javascript_consol
0,clear_cach
0,play
0,queri_result_tabl_present
0,queri_result_tabl_present
|
0,open_seamonkey
0,add-on_manag
0,open
0,still
|
0,java
0,visit_site
0,open_seamonkey
0,press_drop_menu
|
0,anoth_profil
0,edit_prefer
0,disabl_firebug
0,brows
0,vertic_scrollbar
0,header_footer
0,middl_mous_button
|
0,http
0,type_text
0,noth_happen
|
0,press_testcas
0,select
0,past_url
|
0,go
0,http
0,press_logo_left_top_corner
|
0,select
0,press_type
|
0,go
0,websit
0,popup_window
|
0,follow_link
|
0,header_footer
0,press_logo_left_top_corner
0,open
0,open_seamonkey
0,view_mess_toolbar_seamonkey
0,resiz
|
0,doubl_press
0,doubl_press
0,open
|
0,save_webpag
0,right_press
0,navig
0,middl_mous_button
|
0,press_home_button
0,desktop
0,etc
|
0,delet
0,go
0,open_page
0,popup_window
|
0,html_document
0,wait
|
0,open
0,view
0,applic
0,proxi_authentif_box
0,open
0,select_one
0,type_name
0,check
0,press_url_entri
|
0,document_upload
0,open_web_page
0,press_reload
|
0,open_seamonkey
0,go
0,seamonkey_crash
|
0,open_seamonkey
0,document
|
0,load_page
0,attempt
0,wait
0,seamonkey_crash
0,open_seamonkey
|
0,go
0,websit
0,one_tab
0,press_search
0,press_area
0,go
|
0,go
0,googl
0,select_text
0,press_search
0,select_text
0,press_left_side
0,press_type
|
0,test_case
0,brows
0,back_button
|
0,anoth_profil
0,open_seamonkey
0,work
|
0,open
0,open
0,open
0,seamonkey_crash
|
0,open
0,open_seamonkey
0,open_command
|
0,open
0,open_seamonkey
0,reboot_comput
0,load
|
0,anoth_profil
0,move_back
0,anoth_profil
0,go
0,press_compos
0,address_bar
|
0,open_mani
0,delet
0,updat
0,type_url
|
0,instal_extens
0,press_save
0,window_pop
0,press_type
|
0,open_seamonkey
0,secondari_monitor
|
0,open_e-mail
0,brows
0,go
0,document
|
0,open_e-mail
0,go
0,document
0,save_imag
|
0,go
0,http
0,view
|
0,night_build
0,seamonkey_crash
|
0,go_http
0,list
|
0,go
0,http
0,press
0,problem
|
0,http
0,press_either_music
0,seamonkey_freez
|
0,load_page
0,press_search
0,googl
|
0,type_url
0,visit_http
0,press_drop_menu
0,visit_http
0,websit
0,arrow
0,press_type
0,bug_appear
0,work
0,go
0,websit
|
0,go
0,open_web_page
0,attempt
0,document
0,bug_appear
|
0,open_seamonkey
0,open
|
0,visit_http
0,wait
0,move_mous
0,seamonkey_crash
0,burn
0,seamonkey_crash
0,burn
|
0,visit_http
0,next_page
0,system
0,prefer
|
0,view
0,open_seamonkey
0,press
0,press_seamonkey_icon
|
0,open_seamonkey
0,open_seamonkey
|
0,download
0,document
0,copi
0,edit_prefer
0,configur
0,configur
0,close_seamonkey
0,creat
0,brows
0,http
|
0,boot_comput
0,open_seamonkey
0,attempt
0,close_seamonkey
0,close_seamonkey
0,close_seamonkey
|
0,high_detail
0,save_imag
0,web_site
0,modifi
|
0,open_seamonkey
0,close
0,open_seamonkey
0,close
0,open_seamonkey
|
0,night_build
0,select_directori
|
0,configur
0,press_add
0,open_seamonkey
0,seamonkey_crash
0,log
|
0,open_anoth
0,seamonkey_window
0,updat
0,go
0,first_tab
0,open
0,text_input_field
|
0,go
0,access_url
0,next_page
0,back_button
0,charact_one
0,video
0,press_area
0,web_site
|
0,go
0,http
0,press_inform
0,press
0,press
0,open
0,field
0,seamonkey_crash
|
0,got
0,type_url
0,press_map
|
0,sm
0,night_build
0,visit_site
0,visit_site
0,problem
|
0,sm
0,night_build
0,visit_site
0,visit_site
0,problem
|
0,press_bad_select
0,press_bad_select
0,press_bad_select
|
0,boot_comput
0,open_seamonkey
0,go
0,websit
|
0,go
0,http
0,address_book
0,address_book
0,back_button
0,address_book
|
0,go
0,http
0,press
|
0,save_webpag
0,pdf_document
0,etc
0,open_seamonkey
0,open_seamonkey
|
0,bookmark
0,tool_menu
0,hang
0,open_pc
0,reboot_comput
0,keep_seamonkey_memori
0,way
|
0,enabl_popup
0,prefer
0,close_seamonkey
0,noth_happen
0,press_reload
0,relaunch
|
0,fayt_set
0,select_seamonkey_seamonkey
0,group_document_section
0,noth_happen
0,set_display
0,fayt_set
0,open
|
0,press_compos
0,help_menu
0,button_complet_send
0,button_complet_send
|
0,go
0,yahoo
0,yahoo
|
0,open_seamonkey
0,open
0,space
0,close
|
0,https
0,right_press
0,left_pane
|
0,open_page
0,select_one
0,press_map
|
0,go
0,exampl
0,night_build
0,print_preview
0,print_preview
|
0,open_seamonkey
0,open_web_page
0,one_tab
0,open_web_page
0,move_back
|
0,applic
0,press_ok
0,execut_seamonkey
0,command_line
|
0,creat
0,visit_http
0,view_crash
|
0,open_pc
0,doubl_press
0,seamonkey_crash
|
0,java_applet
0,theme
0,theme
0,java_applet
0,copi
0,java_applet
0,focus_focus
|
0,press_financ
0,went
0,account
0,play
0,still
|
0,press_inform
0,page_info
0,page_info
0,delet
|
0,page_setup
0,select
0,print_preview
|
0,download
0,select_directori
0,check_plugin_directori_version
0,check_plugin_directori_version
|
0,address_bar
0,page_ie
0,differ_ms_outlook
0,googl
0,wait
0,connect
0,googl
|
0,go
0,form
0,note_strang
0,charact_one
0,header_footer
0,fill_form
0,addit
0,note_strang
0,fill_form
|
0,open
0,een
0,press_ok
0,een
|
0,log
0,yahoo
0,open_mail
0,forward_linux
0,attempt
0,page_info
0,delet
|
0,open_seamonkey
0,open
0,open
|
0,open_without_cd_drive
0,open
|
0,go
0,websit
0,select_one
0,go
0,websit
0,document
0,page_setup
0,open
0,print_preview
|
0,go
0,view
0,theme
0,press_ok
|
0,open
0,push_button
0,high_detail
0,server
0,game
0,java_applet
0,load_page
0,java_applet
0,go
0,open
0,ctrl_press
0,press_find
|
0,copy/past_test_text
0,press_articl
0,save_imag
|
0,go
0,open_page
0,http
0,open_firefox
|
0,open_mail
0,press
0,open
0,print_preview
0,print_preview
0,printer
|
0,brows
0,exampl
0,resiz
0,save_imag
0,download
|
0,flash_plugin
0,load_page
0,press_button
|
0,flash_plugin
0,load_page
0,press_button
|
0,go
0,select_properti
0,fayt_set
0,open_css_style
0,copy/past_test_text
|
0,edit_prefer
0,press_add
0,press_url_entri
0,download
0,left_frame
0,go
0,http
0,download
|
0,fill_form
0,activ
0,header_footer
|
0,text_input_field
0,text_input_field
0,press_link
0,execut_seamonkey
|
0,new_messag
0,document
0,open
0,press_send
|
0,press_home_button
0,press_link
0,googl
0,help_menu
|
0,wait
0,wait
0,header_footer
0,time
|
0,http
0,one_tab
0,pictur
0,select
0,pop-up_window_open
0,status_bar
0,open
|
0,open_firefox
0,press_download_font
0,resiz
0,press_reload
0,clue_perhap_issu
0,page_complet
0,delet
0,open_seamonkey
0,load_page
|
0,bug_appear
0,attempt
0,get_soon_error_without_anyth
0,fill_form
0,select
|
0,document
0,push_button
0,push_button
|
0,load_page
0,open_seamonkey
0,real_dont
|
0,open_seamonkey
0,close_instanc
0,press_type
|
0,open_seamonkey
0,server
|
0,login
0,type_url
0,view
0,print_preview
|
0,open_seamonkey
0,cut_creat_web
0,document_upload
0,html_document
0,open_page
0,save_imag
0,page_ie
0,work
|
0,need
0,document
|
0,go
0,hotmail
0,login
0,password
0,https
|
0,html_document
0,put
0,find_websit_contain
0,save_imag
0,disk
0,open
0,work
|
0,visit_http
0,submit
0,high_detail
|
0,open_seamonkey
0,open_seamonkey
0,go
0,type_url
0,put
0,press_type
|
0,go
0,address_bar
0,print_preview
0,press_ok
|
0,open_javascript_consol
0,clear_cach
0,http
0,clue_perhap_issu
0,seamonkey_crash
|
0,configur
0,open
0,help_menu
0,open_seamonkey
|
0,go
0,charact_one
|
0,web_site
0,open_seamonkey
0,document
|
0,fayt_set
0,add_bookmark_seamonkey
|
0,differ_ms_outlook
0,creat_email
0,copi
0,differ_ms_outlook
0,blank_page
|
0,download
0,instal_seamonkey
0,visit_site
0,noth_happen
|
0,creat_email
0,press_add
|
0,ask
0,updat
0,select_one
0,content
0,resiz
0,vertic_scrollbar
0,field
|
0,navig
0,creat_email
0,navig
|
0,open
0,press_logo_left_top_corner
0,seamonkey_crash
0,open
|
0,instal_seamonkey
0,open_seamonkey
|
0,go
0,open_web_page
0,print_preview
0,print_preview
0,address_bar
|
0,open_page
0,open_mail
0,open_e-mail
0,open_e-mail
0,menu
0,leav_seamonkey
0,page_complet
|
0,list
0,group_document_section
0,file/print
0,print_preview
0,document
0,print_preview
|
0,open_seamonkey_suit
0,open_seamonkey
|
0,creat_email
0,repli
0,menu_type_url
0,go
0,document
0,list
0,press_send
|
0,night_build
0,netscap
0,instal_seamonkey
|
0,open
0,open
0,way
0,configur
0,system
|
0,open_page
0,open_seamonkey
0,press_financ
|
0,system
0,elfa:
0,set_display
0,elfa:
0,open_seamonkey
0,system
0,set_display
0,elfa:
0,open_seamonkey
0,close_seamonkey
0,finish
|
0,program
0,program
0,need
|
0,ebay
0,log
0,log
0,desktop
0,document
0,close_seamonkey
|
0,go
0,http
0,press_inform
0,press
0,pop-up_window_open
0,seamonkey_crash
|
0,press_compos
0,open_mail
0,past_url
|
0,open_seamonkey
0,open_firefox
0,wait_minut
0,open_firefox
0,open_seamonkey
|
0,open
0,wait
|
0,cd
0,open_seamonkey
|
0,java_applet
0,press_save
0,java_applet
0,set_display
0,java_applet
|
0,follow_link
0,execut_seamonkey
0,return
|
0,go
0,http
0,press_articl
0,press_articl
0,scroll
|
0,html_document
0,html_document
0,doubl_press
0,html_document
|
0,go
0,http
0,open_page
0,noth_happen
|
0,fayt_set
0,copi
0,document
0,charact_set
|
0,go_http
0,log
|
0,open
0,http
0,press_logo_left_top_corner
0,select
0,navig
0,open
0,press_link
|
0,login
0,open_anoth
0,type_url
0,type_name
|
0,open
0,go
0,websit
0,press_ctl+
|
0,go
0,http
0,save_imag
0,view
|
0,go
0,press_link
0,document
0,print_preview
0,proxi_authentif_box
0,open_page
0,print_preview
|
0,vertic_scrollbar
0,increas_size
0,view_scrollbar
0,point_seamonkey
0,vertic_scrollbar
0,set_display
0,document
0,page_long_enough
0,open_css_style
0,view
0,vertic_scrollbar
0,fayt_set
0,scroll
|
0,open_web_page
0,save_imag
0,right_press
0,still
0,open_page
0,move_back
|
0,go
0,url_given
0,fill_form
0,open_anoth
0,address_bar
0,back_button
|
0,clear_cach
0,right_press
0,noth_happen
0,edit_prefer
0,prefer
0,noth_happen
|
0,go
0,popup_window
0,bug_appear
0,move_mous
0,popup_window
0,messag_url_shown
0,list
|
0,open_seamonkey
0,applic
0,open_seamonkey
0,exampl
0,system
0,open
0,open_page
0,put_web
0,open_mail
0,connect
0,server
|
0,view_mess_toolbar_seamonkey
0,press
|
0,access_url
0,view_crash
|
0,download
0,netscap
0,visit_site
0,visit_site
0,go
0,http
|
0,document
0,press_send
0,document
0,open_receiv
0,press_send
0,document
0,open_receiv
0,document
0,view
0,document
0,error_messag
